Fecha_experimento,Clave_experimento,Archivo_CSV_ejemplos,CP,Tiempo_entrenamiento,N_entrenamiento,N_pruebas,EPOCHS,N_neuronas_entrada,N_capas_ocultas,N_neuronas_ocultas,N_neuronas_salida,Promedio_costo_total,Error_promedio_costo_total,Promedio_costo_m2,Error_promedio_costo_m2,Error_min_costo_total,Error_max_costo_total,Error_varianza_costo_total,Error_desviacion_std_costo_total,Error_min_costo_m2,Error_max_costo_m2,Error_varianza_costo_m2,Error_desviacion_std_costo_m2
27/09/2016,cdmx_abril_2015-03103-03100-03104-03200-03230-03240_N80_E500_10fold0_L1_H25,cdmx_abril_2015,-03103-03100-03104-03200-03230-03240,19.0015230178833,72,8,500,35,1,25,2,3188878.8987500002,965836.5154042138,29237.732083333332,4246.4122061235394,7025.9561426523142,4811863.6172411442,989371066324.32312,994671.33583125,82.073812951268337,10556.285075310396,8267660.5614917744,2875.353988901501
27/09/2016,cdmx_abril_2015-03103-03100-03104-03200-03230-03240_N80_E500_10fold1_L1_H25,cdmx_abril_2015,-03103-03100-03104-03200-03230-03240,17.349483013153076,72,8,500,35,1,25,2,3131633.4026388889,918491.32565999508,29064.086666666666,3976.8197299340673,26346.133215842769,4508638.0438070223,890610575678.54004,943721.6621856998,117.06540811430023,15486.833064717719,8005473.2458745502,2829.394501633618
27/09/2016,cdmx_abril_2015-03103-03100-03104-03200-03230-03240_N80_E500_10fold2_L1_H25,cdmx_abril_2015,-03103-03100-03104-03200-03230-03240,17.41030502319336,72,8,500,35,1,25,2,3192310.7302777781,1011964.9874415619,28933.820416666669,3739.5206479751278,15004.488373219967,4724569.2993101059,1021514754147.1102,1010700.1306753206,130.36658822810205,10650.676244978164,7690488.9425601475,2773.1730819694876
27/09/2016,cdmx_abril_2015-03103-03100-03104-03200-03230-03240_N80_E500_10fold3_L1_H25,cdmx_abril_2015,-03103-03100-03104-03200-03230-03240,18.481950044631958,72,8,500,35,1,25,2,3156379.3809722224,948564.9672290145,29175.294444444447,4127.5085377266059,150.05080478359014,4811174.8833481614,929010371972.75317,963851.8412975892,5.2322226482065162,12646.952859240677,11626940.611755831,3409.829997486067
27/09/2016,cdmx_abril_2015-03103-03100-03104-03200-03230-03240_N80_E500_10fold4_L1_H25,cdmx_abril_2015,-03103-03100-03104-03200-03230-03240,18.840914011001587,72,8,500,35,1,25,2,3161577.8118055556,893637.68893682072,29441.04791666667,3957.9426817201124,25139.952841748018,4009116.4999865508,597752019490.27441,773144.24235732,142.53462865794791,11907.537097678241,8480978.9432214145,2912.212036102697
27/09/2016,cdmx_abril_2015-03103-03100-03104-03200-03230-03240_N80_E500_10fold5_L1_H25,cdmx_abril_2015,-03103-03100-03104-03200-03230-03240,19.86197805404663,72,8,500,35,1,25,2,3252447.0838888888,978211.81358343503,29175.348055555558,3665.0137342439839,33125.050995031837,4249107.673859532,840802414685.703,916952.7875990688,11.762116989684728,12908.581136786965,7204070.3947206335,2684.039939106837
27/09/2016,cdmx_abril_2015-03103-03100-03104-03200-03230-03240_N80_E500_10fold6_L1_H25,cdmx_abril_2015,-03103-03100-03104-03200-03230-03240,19.799499988555908,72,8,500,35,1,25,2,3199458.7877777778,891737.96877500834,29606.940833333338,3593.8057562743047,1936.5331382658333,4295518.3831382655,761132225816.36731,872428.9230741764,58.33962010621326,14331.959429713925,10280254.69815404,3206.283627216101
27/09/2016,cdmx_abril_2015-03103-03100-03104-03200-03230-03240_N80_E500_10fold7_L1_H25,cdmx_abril_2015,-03103-03100-03104-03200-03230-03240,19.945013999938965,72,8,500,35,1,25,2,3228891.3181944443,1005693.8000557309,29476.436944444446,3854.8681410303761,26774.093576763757,3898413.9064232362,750763916217.16357,866466.3387675043,2.5496363831043709,11761.375041639336,9131824.5783780832,3021.890894519205
27/09/2016,cdmx_abril_2015-03103-03100-03104-03200-03230-03240_N80_E500_10fold8_L1_H25,cdmx_abril_2015,-03103-03100-03104-03200-03230-03240,17.913886785507202,72,8,500,35,1,25,2,3097800.2308333335,997335.9849801159,29619.943888888887,3591.696253758475,3121.7253281841986,4664259.5853281841,862879805256.95276,928913.2388210176,206.67050151929652,12205.901814738307,9107885.8523949664,3017.927410060581
27/09/2016,cdmx_abril_2015-03103-03100-03104-03200-03230-03240_N80_E500_10fold9_L1_H25,cdmx_abril_2015,-03103-03100-03104-03200-03230-03240,17.628221035003662,72,8,500,35,1,25,2,3195317.5198611114,985996.72917926661,29205.686250000002,3659.5361064712351,22952.829514558427,3740976.0796186524,624280514212.30933,790114.2412412963,14.645847896248597,11113.880116572574,7947469.2485847007,2819.1256177376526
27/09/2016,cdmx_abril_2015-03103-03100-03104-03200-03230-03240_N80_E500_10fold0_L1_H26,cdmx_abril_2015,-03103-03100-03104-03200-03230-03240,17.312998056411743,72,8,500,35,1,26,2,3188878.8987500002,1031118.3843699669,29237.732083333332,3746.2814112222954,14651.270750215743,3575066.0918193944,710783483835.04114,843079.761253371,43.811373719247058,11841.18195691473,8721541.9169511516,2953.225679989789
27/09/2016,cdmx_abril_2015-03103-03100-03104-03200-03230-03240_N80_E500_10fold1_L1_H26,cdmx_abril_2015,-03103-03100-03104-03200-03230-03240,17.27468705177307,72,8,500,35,1,26,2,3131633.4026388889,913816.17575812293,29064.086666666666,3923.6808879380883,10344.591005694587,4444903.5741643496,973430262272.86328,986625.6951209325,197.71174133899331,18624.363247805719,10782281.420203798,3283.6384423690433
27/09/2016,cdmx_abril_2015-03103-03100-03104-03200-03230-03240_N80_E500_10fold2_L1_H26,cdmx_abril_2015,-03103-03100-03104-03200-03230-03240,20.172383069992065,72,8,500,35,1,26,2,3192310.7302777781,1173779.392417212,28933.820416666669,4011.8589555586805,88812.041910720989,3609724.4102983242,689513459619.5155,830369.4717530959,84.296251468189439,11843.371752373441,7521377.6903168708,2742.513024639422
27/09/2016,cdmx_abril_2015-03103-03100-03104-03200-03230-03240_N80_E500_10fold3_L1_H26,cdmx_abril_2015,-03103-03100-03104-03200-03230-03240,19.553138971328735,72,8,500,35,1,26,2,3156379.3809722224,980418.75967901619,29175.294444444447,3950.0822406459579,17540.281296499074,4494259.0237304792,962824306194.09814,981236.1113381927,3.5831598786789982,11649.67205337566,9718994.519037053,3117.5301953689323
27/09/2016,cdmx_abril_2015-03103-03100-03104-03200-03230-03240_N80_E500_10fold4_L1_H26,cdmx_abril_2015,-03103-03100-03104-03200-03230-03240,18.431129932403564,72,8,500,35,1,26,2,3161577.8118055556,886257.69090704585,29441.04791666667,3437.1353887655396,16570.4539187029,3898440.4781579045,569792074281.18372,754845.7287957479,163.7893486512221,10617.169512148521,6958736.5631984733,2637.9417285449035
27/09/2016,cdmx_abril_2015-03103-03100-03104-03200-03230-03240_N80_E500_10fold5_L1_H26,cdmx_abril_2015,-03103-03100-03104-03200-03230-03240,18.507057189941406,72,8,500,35,1,26,2,3252447.0838888888,1203782.2647514145,29175.348055555558,4004.5103605988461,7875.2061937944964,4464198.8464752436,907906679875.78479,952841.3718325756,93.418022699359426,15182.79106477755,9060710.4186572134,3010.101396740185
27/09/2016,cdmx_abril_2015-03103-03100-03104-03200-03230-03240_N80_E500_10fold6_L1_H26,cdmx_abril_2015,-03103-03100-03104-03200-03230-03240,18.42734384536743,72,8,500,35,1,26,2,3199458.7877777778,979029.37477848888,29606.940833333338,3917.2138309579987,3127.5566299082711,5357963.3828681931,856372317952.79456,925403.8674831624,168.51224112573982,13524.422284260378,9889630.5265319757,3144.7782952907787
27/09/2016,cdmx_abril_2015-03103-03100-03104-03200-03230-03240_N80_E500_10fold7_L1_H26,cdmx_abril_2015,-03103-03100-03104-03200-03230-03240,18.30122995376587,72,8,500,35,1,26,2,3228891.3181944443,938333.97252490697,29476.436944444446,3293.0647934025378,17115.893863696605,4823845.4163187928,886812449362.46667,941707.1993791205,55.812017126514547,11473.486107357516,8050750.5088190455,2837.384448540424
27/09/2016,cdmx_abril_2015-03103-03100-03104-03200-03230-03240_N80_E500_10fold8_L1_H26,cdmx_abril_2015,-03103-03100-03104-03200-03230-03240,18.47777795791626,72,8,500,35,1,26,2,3097800.2308333335,874680.83095003001,29619.943888888887,3773.8135728762331,14415.718524763826,4279166.1314752363,850420253365.97253,922182.3319528371,12.951643547155982,17400.378356452842,11510632.690061206,3392.732333984101
27/09/2016,cdmx_abril_2015-03103-03100-03104-03200-03230-03240_N80_E500_10fold9_L1_H26,cdmx_abril_2015,-03103-03100-03104-03200-03230-03240,19.626183032989502,72,8,500,35,1,26,2,3195317.5198611114,848688.17152009183,29205.686250000002,3371.5058603978268,34579.516084299423,4105766.243684398,786850617109.38879,887046.0061966283,27.483100864286826,16150.457983831502,11437763.529534582,3381.9762757202457
27/09/2016,cdmx_abril_2015-03103-03100-03104-03200-03230-03240_N80_E500_10fold0_L1_H27,cdmx_abril_2015,-03103-03100-03104-03200-03230-03240,19.70079493522644,72,8,500,35,1,27,2,3188878.8987500002,932346.30412276543,29237.732083333332,3608.3025489991082,82266.89528137492,4050048.2319989176,692778976270.5415,832333.4525720695,38.551020815353695,17028.411834919334,9485550.7158891186,3079.8621261168687
27/09/2016,cdmx_abril_2015-03103-03100-03104-03200-03230-03240_N80_E500_10fold1_L1_H27,cdmx_abril_2015,-03103-03100-03104-03200-03230-03240,20.96051001548767,72,8,500,35,1,27,2,3131633.4026388889,996722.52287890785,29064.086666666666,4236.9132163496424,23508.353398331907,4247384.3111936431,730716793210.72595,854819.7431100465,375.07288891233475,13672.203982472702,8340840.090020895,2888.051261667787
27/09/2016,cdmx_abril_2015-03103-03100-03104-03200-03230-03240_N80_E500_10fold2_L1_H27,cdmx_abril_2015,-03103-03100-03104-03200-03230-03240,23.705118894577026,72,8,500,35,1,27,2,3192310.7302777781,909722.57573442999,28933.820416666669,3969.0146518610004,27410.392305464484,4011356.4518368286,713203105694.67517,844513.5319784256,62.751438191608031,12815.497048339283,7759100.7918643095,2785.5162523066188
27/09/2016,cdmx_abril_2015-03103-03100-03104-03200-03230-03240_N80_E500_10fold3_L1_H27,cdmx_abril_2015,-03103-03100-03104-03200-03230-03240,21.37800097465515,72,8,500,35,1,27,2,3156379.3809722224,1116228.3624792018,29175.294444444447,4400.2186610996932,2162.9027227247134,4740467.7727227248,1126656308208.9314,1061440.6757840645,105.78143308714789,13484.23258422767,10859666.872990258,3295.4008668127553
27/09/2016,cdmx_abril_2015-03103-03100-03104-03200-03230-03240_N80_E500_10fold4_L1_H27,cdmx_abril_2015,-03103-03100-03104-03200-03230-03240,23.600292205810547,72,8,500,35,1,27,2,3161577.8118055556,865306.58218187164,29441.04791666667,4260.3570508411858,7356.4740729862824,4653781.3859270141,716850648496.51819,846670.3304690192,25.349100490475394,14487.199100490476,9029053.4961746112,3004.838347760926
27/09/2016,cdmx_abril_2015-03103-03100-03104-03200-03230-03240_N80_E500_10fold5_L1_H27,cdmx_abril_2015,-03103-03100-03104-03200-03230-03240,25.396841049194336,72,8,500,35,1,27,2,3252447.0838888888,880687.8007718107,29175.348055555558,2985.9015426877554,942.13292277045548,3797869.6071342193,693275996548.66687,832631.9694490879,42.486542030223063,9526.7860371515599,4580867.4435312962,2140.2961111797817
27/09/2016,cdmx_abril_2015-03103-03100-03104-03200-03230-03240_N80_E500_10fold6_L1_H27,cdmx_abril_2015,-03103-03100-03104-03200-03230-03240,26.31910014152527,72,8,500,35,1,27,2,3199458.7877777778,948566.54509434348,29606.940833333338,5113.7298714404278,35728.948675070889,3844661.002927281,696644337892.10583,834652.2257156605,170.38854800800982,13338.729937650762,10921967.892899461,3304.8400706992556
27/09/2016,cdmx_abril_2015-03103-03100-03104-03200-03230-03240_N80_E500_10fold7_L1_H27,cdmx_abril_2015,-03103-03100-03104-03200-03230-03240,23.620245933532715,72,8,500,35,1,27,2,3228891.3181944443,1194399.7512833113,29476.436944444446,4114.4667304741488,43890.618214904796,3990525.0753457863,985247082853.99524,992596.1328022567,29.997046603944909,14779.889167420775,10469443.159680504,3235.6518909920615
27/09/2016,cdmx_abril_2015-03103-03100-03104-03200-03230-03240_N80_E500_10fold8_L1_H27,cdmx_abril_2015,-03103-03100-03104-03200-03230-03240,23.285303831100464,72,8,500,35,1,27,2,3097800.2308333335,869836.54466839938,29619.943888888887,3776.851464342637,6573.884950718144,3939344.2607876603,803129918687.08899,896175.160717529,69.436139360310335,15770.308612732739,11747610.393903753,3427.4787226040885
27/09/2016,cdmx_abril_2015-03103-03100-03104-03200-03230-03240_N80_E500_10fold9_L1_H27,cdmx_abril_2015,-03103-03100-03104-03200-03230-03240,23.41610312461853,72,8,500,35,1,27,2,3195317.5198611114,923129.87145409465,29205.686250000002,3418.4236461854985,3415.1670163562521,4071142.6745732659,744324201791.07935,862742.2568711233,2.1496878357393143,10544.347753742833,9301813.7691737376,3049.88750106848
27/09/2016,cdmx_abril_2015-03103-03100-03104-03200-03230-03240_N80_E500_10fold0_L1_H28,cdmx_abril_2015,-03103-03100-03104-03200-03230-03240,22.417840003967285,72,8,500,35,1,28,2,3188878.8987500002,1132939.9340243181,29237.732083333332,4080.2753159589743,663.55927810724825,5128001.0592781072,922885609096.01013,960669.3547188909,71.021205981916864,14876.72251480235,9362927.2175875902,3059.8900662585233
27/09/2016,cdmx_abril_2015-03103-03100-03104-03200-03230-03240_N80_E500_10fold1_L1_H28,cdmx_abril_2015,-03103-03100-03104-03200-03230-03240,21.704104900360107,72,8,500,35,1,28,2,3131633.4026388889,939727.4293477817,29064.086666666666,3628.7745159374699,1117.9417678003665,4572934.5195372058,938447702451.52197,968735.1043765896,16.943988492846984,10515.447831884143,7944386.9017994953,2818.5788798256995
27/09/2016,cdmx_abril_2015-03103-03100-03104-03200-03230-03240_N80_E500_10fold2_L1_H28,cdmx_abril_2015,-03103-03100-03104-03200-03230-03240,22.180715084075928,72,8,500,35,1,28,2,3192310.7302777781,967465.13168393506,28933.820416666669,3817.4982215051632,3741.2352409374435,4109595.0489831981,820154381553.41711,905623.7527546509,59.655956342328864,10991.464349769558,8351709.7651075888,2889.9324845240917
27/09/2016,cdmx_abril_2015-03103-03100-03104-03200-03230-03240_N80_E500_10fold3_L1_H28,cdmx_abril_2015,-03103-03100-03104-03200-03230-03240,23.863574028015137,72,8,500,35,1,28,2,3156379.3809722224,963529.42898008868,29175.294444444447,4128.6999444115627,10009.978117882507,4799418.7577106655,901212276609.50659,949322.0089145235,49.229809010859753,13555.32302563377,11237902.47750828,3352.298088999288
27/09/2016,cdmx_abril_2015-03103-03100-03104-03200-03230-03240_N80_E500_10fold4_L1_H28,cdmx_abril_2015,-03103-03100-03104-03200-03230-03240,21.927907943725586,72,8,500,35,1,28,2,3161577.8118055556,818898.8020729206,29441.04791666667,3696.6389748236647,13784.944028167054,3536881.3368350342,479931658542.84076,692771.0000735024,213.69342179871819,13641.602158816475,7649996.3791126888,2765.8626826205036
27/09/2016,cdmx_abril_2015-03103-03100-03104-03200-03230-03240_N80_E500_10fold5_L1_H28,cdmx_abril_2015,-03103-03100-03104-03200-03230-03240,26.274446964263916,72,8,500,35,1,28,2,3252447.0838888888,984973.23963895836,29175.348055555558,3934.3649647590159,64.11226812005043,4357158.260784559,862998201923.02747,928976.9652273556,258.37075135890336,11963.282368336131,9185188.0553937368,3030.7075172958766
27/09/2016,cdmx_abril_2015-03103-03100-03104-03200-03230-03240_N80_E500_10fold6_L1_H28,cdmx_abril_2015,-03103-03100-03104-03200-03230-03240,22.690723180770874,72,8,500,35,1,28,2,3199458.7877777778,902666.80935907003,29606.940833333338,3924.2882071619661,3344.4558124751784,4110392.9404878365,687151174404.0813,828945.8211512265,59.307663832129037,12327.503039482799,9461588.0990242418,3075.969456776878
27/09/2016,cdmx_abril_2015-03103-03100-03104-03200-03230-03240_N80_E500_10fold7_L1_H28,cdmx_abril_2015,-03103-03100-03104-03200-03230-03240,26.644334077835083,72,8,500,35,1,28,2,3228891.3181944443,998711.50952061696,29476.436944444446,3904.5005709487045,21749.437344688457,4772941.8462054422,1001920532811.301,1000959.8057920713,89.82036851450539,14626.086617642204,10144027.093302185,3184.96893129308
27/09/2016,cdmx_abril_2015-03103-03100-03104-03200-03230-03240_N80_E500_10fold8_L1_H28,cdmx_abril_2015,-03103-03100-03104-03200-03230-03240,25.64029812812805,72,8,500,35,1,28,2,3097800.2308333335,935140.15359520004,29619.943888888887,4270.6058914124533,9834.9030204140581,4408171.712225195,792866223509.97327,890430.3585963213,45.101322168433398,11289.003058691913,9658951.9543910734,3107.8854474370632
27/09/2016,cdmx_abril_2015-03103-03100-03104-03200-03230-03240_N80_E500_10fold9_L1_H28,cdmx_abril_2015,-03103-03100-03104-03200-03230-03240,22.629596948623657,72,8,500,35,1,28,2,3195317.5198611114,923379.48798285821,29205.686250000002,3832.0182435170314,12305.820677227341,4544301.0306772273,1018998317734.1007,1009454.4654089657,315.66378520310536,13985.754380894128,10995350.020268884,3315.923705435468
27/09/2016,cdmx_abril_2015-03103-03100-03104-03200-03230-03240_N80_E500_10fold0_L1_H29,cdmx_abril_2015,-03103-03100-03104-03200-03230-03240,25.42157793045044,72,8,500,35,1,29,2,3188878.8987500002,1035612.1498106266,29237.732083333332,3807.8368386282245,5411.9012420228682,4660755.3989276141,810898441869.97778,900498.9960405163,10.943011529539945,11136.781879624634,9018428.2894080821,3003.0698109448076
27/09/2016,cdmx_abril_2015-03103-03100-03104-03200-03230-03240_N80_E500_10fold1_L1_H29,cdmx_abril_2015,-03103-03100-03104-03200-03230-03240,27.775131940841675,72,8,500,35,1,29,2,3131633.4026388889,986151.82839525433,29064.086666666666,4242.42789327641,21808.984296765644,4511450.7460761704,950884681782.77747,975133.1610517496,254.27804896955786,13744.310987654533,9031385.8443249818,3005.2264214739266
27/09/2016,cdmx_abril_2015-03103-03100-03104-03200-03230-03240_N80_E500_10fold2_L1_H29,cdmx_abril_2015,-03103-03100-03104-03200-03230-03240,22.73549199104309,72,8,500,35,1,29,2,3192310.7302777781,1013388.9675619639,28933.820416666669,3737.6749740007922,6375.1702455026098,4103495.5812591445,833833950194.54224,913145.0871545782,42.028665938742051,12408.738713539971,8422021.4434502423,2902.0719225150574
27/09/2016,cdmx_abril_2015-03103-03100-03104-03200-03230-03240_N80_E500_10fold3_L1_H29,cdmx_abril_2015,-03103-03100-03104-03200-03230-03240,23.544860124588013,72,8,500,35,1,29,2,3156379.3809722224,1047053.4713452394,29175.294444444447,3900.2730289102515,421.93725822772831,4156942.7382793347,782881359761.56311,884805.8316724427,9.0129081108316313,12021.6909183118,8378359.6591648115,2894.539628190433
27/09/2016,cdmx_abril_2015-03103-03100-03104-03200-03230-03240_N80_E500_10fold4_L1_H29,cdmx_abril_2015,-03103-03100-03104-03200-03230-03240,22.30300998687744,72,8,500,35,1,29,2,3161577.8118055556,855383.7198501816,29441.04791666667,3637.1968186024624,808.72091866238043,3688191.0901473998,603430058098.98425,776807.606875077,21.293084984397865,11273.989939053976,7851016.7191570066,2801.966580663839
27/09/2016,cdmx_abril_2015-03103-03100-03104-03200-03230-03240_N80_E500_10fold5_L1_H29,cdmx_abril_2015,-03103-03100-03104-03200-03230-03240,23.493118047714233,72,8,500,35,1,29,2,3252447.0838888888,928888.91203554918,29175.348055555558,3597.5904388659419,21721.943838197272,4785198.5325472113,910353336110.49243,954124.3818866031,102.87059940739346,14642.354956730025,9451606.0046113469,3074.346435360099
27/09/2016,cdmx_abril_2015-03103-03100-03104-03200-03230-03240_N80_E500_10fold6_L1_H29,cdmx_abril_2015,-03103-03100-03104-03200-03230-03240,22.293946027755737,72,8,500,35,1,29,2,3199458.7877777778,721290.22902593832,29606.940833333338,3227.811399909021,5123.0644471858686,4388840.8638780024,503710486303.96234,709725.641571419,110.43280588728521,12597.851909135225,7355427.9304381274,2712.0892187459704
27/09/2016,cdmx_abril_2015-03103-03100-03104-03200-03230-03240_N80_E500_10fold7_L1_H29,cdmx_abril_2015,-03103-03100-03104-03200-03230-03240,22.625962018966675,72,8,500,35,1,29,2,3228891.3181944443,1088985.5922685491,29476.436944444446,3755.9037880906399,41560.979428120889,5034357.5794281214,920343533903.46594,959345.3673747875,16.254968060762621,11208.900722576222,9533074.3360234499,3087.5677054962616
27/09/2016,cdmx_abril_2015-03103-03100-03104-03200-03230-03240_N80_E500_10fold8_L1_H29,cdmx_abril_2015,-03103-03100-03104-03200-03230-03240,23.717150926589966,72,8,500,35,1,29,2,3097800.2308333335,917097.56866846629,29619.943888888887,3599.0397079188756,4868.5948941800743,4028037.3188313809,691286349298.27783,831436.3170431502,94.18805489782244,10244.188054897822,6868315.5652428633,2620.747138745526
27/09/2016,cdmx_abril_2015-03103-03100-03104-03200-03230-03240_N80_E500_10fold9_L1_H29,cdmx_abril_2015,-03103-03100-03104-03200-03230-03240,22.175328016281128,72,8,500,35,1,29,2,3195317.5198611114,1016555.9964529723,29205.686250000002,3953.555546588856,13633.009801589884,3679086.8749845829,713531872777.85071,844708.1583469232,27.257149293676775,10626.992247715629,7088398.8736698162,2662.404716355088
27/09/2016,cdmx_abril_2015-03103-03100-03104-03200-03230-03240_N80_E500_10fold0_L1_H30,cdmx_abril_2015,-03103-03100-03104-03200-03230-03240,21.143491983413696,72,8,500,35,1,30,2,3188878.8987500002,933222.94117584592,29237.732083333332,3386.7118411540378,21603.041051669512,4463356.4168847259,802471082186.44751,895807.5028634486,36.800679425839917,10923.079429354148,8151381.5667091655,2855.0624453257
27/09/2016,cdmx_abril_2015-03103-03100-03104-03200-03230-03240_N80_E500_10fold1_L1_H30,cdmx_abril_2015,-03103-03100-03104-03200-03230-03240,20.092249155044556,72,8,500,35,1,30,2,3131633.4026388889,916856.94968414248,29064.086666666666,3594.4334875775912,25858.706375269219,4535940.3438983057,839826835080.05127,916420.6649132543,166.68525941751432,19827.130164642876,8597382.5443363469,2932.129353274911
27/09/2016,cdmx_abril_2015-03103-03100-03104-03200-03230-03240_N80_E500_10fold2_L1_H30,cdmx_abril_2015,-03103-03100-03104-03200-03230-03240,19.823856830596924,72,8,500,35,1,30,2,3192310.7302777781,972497.11125593097,28933.820416666669,3732.9487409140638,16627.086294594221,3740570.3264819863,760573666752.21826,872108.7470907618,89.024445162114716,12903.932015166245,8508138.9921972677,2916.871439093137
27/09/2016,cdmx_abril_2015-03103-03100-03104-03200-03230-03240_N80_E500_10fold3_L1_H30,cdmx_abril_2015,-03103-03100-03104-03200-03230-03240,31.939929962158203,72,8,500,35,1,30,2,3156379.3809722224,1072784.2435907733,29175.294444444447,3689.771503941658,8014.3430333463475,3590030.1969132288,717096257421.74023,846815.3620605499,56.265428563696332,11255.523676157674,8322684.9130298132,2884.906395887016
27/09/2016,cdmx_abril_2015-03103-03100-03104-03200-03230-03240_N80_E500_10fold4_L1_H30,cdmx_abril_2015,-03103-03100-03104-03200-03230-03240,18.704887866973877,72,8,500,35,1,30,2,3161577.8118055556,920645.6684664666,29441.04791666667,3907.5702127338341,4423.9097052854486,3408309.4127549436,557351570990.64746,746559.8241203765,21.262699870749202,16058.065494720866,11374806.664390754,3372.655728708573
27/09/2016,cdmx_abril_2015-03103-03100-03104-03200-03230-03240_N80_E500_10fold5_L1_H30,cdmx_abril_2015,-03103-03100-03104-03200-03230-03240,20.78031611442566,72,8,500,35,1,30,2,3252447.0838888888,956984.75765570672,29175.348055555558,3588.6274936363243,4937.3991955621168,5281098.6249325387,880901261115.4928,938563.4028212973,0.25244317835313268,9590.700132191454,6922720.2143258154,2631.106271955927
27/09/2016,cdmx_abril_2015-03103-03100-03104-03200-03230-03240_N80_E500_10fold6_L1_H30,cdmx_abril_2015,-03103-03100-03104-03200-03230-03240,20.75759720802307,72,8,500,35,1,30,2,3199458.7877777778,807656.85794678028,29606.940833333338,3079.7190168160669,4234.022144400049,4454624.899650747,773735846038.05212,879622.558850131,0.89828575140199973,10184.357042885626,5772699.598095065,2402.6442928771344
27/09/2016,cdmx_abril_2015-03103-03100-03104-03200-03230-03240_N80_E500_10fold7_L1_H30,cdmx_abril_2015,-03103-03100-03104-03200-03230-03240,20.335237979888916,72,8,500,35,1,30,2,3228891.3181944443,1344037.1098649325,29476.436944444446,3562.280142833667,57160.413797377609,3561574.7754729502,773922733259.58472,879728.7839212633,147.43170866423679,10522.262882030569,6721802.7257957887,2592.643964333666
27/09/2016,cdmx_abril_2015-03103-03100-03104-03200-03230-03240_N80_E500_10fold8_L1_H30,cdmx_abril_2015,-03103-03100-03104-03200-03230-03240,22.598796844482422,72,8,500,35,1,30,2,3097800.2308333335,1044127.010651617,29619.943888888887,3296.936323711303,9764.6447586773429,4625639.1964880023,801587468094.18445,895314.172843357,91.257737855423329,13025.454946435642,6468116.6753288582,2543.2492357865476
27/09/2016,cdmx_abril_2015-03103-03100-03104-03200-03230-03240_N80_E500_10fold9_L1_H30,cdmx_abril_2015,-03103-03100-03104-03200-03230-03240,18.65737795829773,72,8,500,35,1,30,2,3195317.5198611114,905364.04317916126,29205.686250000002,3966.5999640526879,3788.7168838940561,3975035.8857003544,884678306055.46289,940573.3921685553,191.70513838920306,15074.299387015612,10188167.871258873,3191.890955414811
27/09/2016,cdmx_abril_2015-03103-03100-03104-03200-03230-03240_N80_E500_10fold0_L1_H31,cdmx_abril_2015,-03103-03100-03104-03200-03230-03240,20.24272894859314,72,8,500,35,1,31,2,3188878.8987500002,1060793.0109059829,29237.732083333332,3852.5904897784785,69107.041491786018,4065728.8344072318,936498009129.67859,967728.2723624842,34.505516750956303,14204.863770343016,10257475.678176621,3202.7294107021626
27/09/2016,cdmx_abril_2015-03103-03100-03104-03200-03230-03240_N80_E500_10fold1_L1_H31,cdmx_abril_2015,-03103-03100-03104-03200-03230-03240,19.611961126327515,72,8,500,35,1,31,2,3131633.4026388889,946007.59207117208,29064.086666666666,3758.0176262787563,24943.715997701278,4690412.057243811,1024208255092.8789,1012031.7460894588,45.474036680723657,14251.376026209282,8674059.276004754,2945.1755934077605
27/09/2016,cdmx_abril_2015-03103-03100-03104-03200-03230-03240_N80_E500_10fold2_L1_H31,cdmx_abril_2015,-03103-03100-03104-03200-03230-03240,19.513803958892822,72,8,500,35,1,31,2,3192310.7302777781,937455.76071174571,28933.820416666669,3169.4140922213101,23293.044544530567,4192382.9447651738,800871906688.24854,894914.4689232869,22.000368797445844,10706.722314782499,5663264.1285776971,2379.761359585809
27/09/2016,cdmx_abril_2015-03103-03100-03104-03200-03230-03240_N80_E500_10fold3_L1_H31,cdmx_abril_2015,-03103-03100-03104-03200-03230-03240,26.70672583580017,72,8,500,35,1,31,2,3156379.3809722224,1017590.7423487403,29175.294444444447,4037.8888800785185,5930.8420606818981,4674452.1122006159,1084304219698.1519,1041299.2940063638,23.954961001341871,9621.9785788649278,8544775.7306713387,2923.1448357328
27/09/2016,cdmx_abril_2015-03103-03100-03104-03200-03230-03240_N80_E500_10fold4_L1_H31,cdmx_abril_2015,-03103-03100-03104-03200-03230-03240,19.44009780883789,72,8,500,35,1,31,2,3161577.8118055556,837707.21156625799,29441.04791666667,3286.2354656321736,16896.00810899213,4239803.6176619129,652571278957.32959,807818.8404322652,4.5522073135689425,11975.215873021391,7252946.8065794371,2693.129556218831
27/09/2016,cdmx_abril_2015-03103-03100-03104-03200-03230-03240_N80_E500_10fold5_L1_H31,cdmx_abril_2015,-03103-03100-03104-03200-03230-03240,18.937188148498535,72,8,500,35,1,31,2,3252447.0838888888,875603.12766883499,29175.348055555558,3172.0340136744603,9847.4098102874123,3988505.7825463628,767343021401.34607,875981.1763966997,5.8873664712737082,9680.1486837562043,7851368.6195580699,2802.02937521327
27/09/2016,cdmx_abril_2015-03103-03100-03104-03200-03230-03240_N80_E500_10fold6_L1_H31,cdmx_abril_2015,-03103-03100-03104-03200-03230-03240,19.402029037475586,72,8,500,35,1,31,2,3199458.7877777778,983530.02909121499,29606.940833333338,3876.0076441603837,3801.9018441522494,4999209.8983642841,927159918854.61975,962891.4366919148,61.645035497473145,14420.196945655947,10495645.18334271,3239.698316717578
27/09/2016,cdmx_abril_2015-03103-03100-03104-03200-03230-03240_N80_E500_10fold7_L1_H31,cdmx_abril_2015,-03103-03100-03104-03200-03230-03240,18.730513095855713,72,8,500,35,1,31,2,3228891.3181944443,898711.3382700287,29476.436944444446,3900.4673441372411,7524.2660283921286,4446309.7591254739,783393458466.76355,885095.1691579632,5.7217333704466,11100.058108325646,8450361.2049648352,2906.9504992285015
27/09/2016,cdmx_abril_2015-03103-03100-03104-03200-03230-03240_N80_E500_10fold8_L1_H31,cdmx_abril_2015,-03103-03100-03104-03200-03230-03240,18.453471183776855,72,8,500,35,1,31,2,3097800.2308333335,910711.6123065931,29619.943888888887,3922.1665673903212,2747.9370532971807,4095623.1550603937,751293369263.9281,866771.8092231243,14.701358608966984,10834.704375803634,7957956.1561341118,2820.9849620538766
27/09/2016,cdmx_abril_2015-03103-03100-03104-03200-03230-03240_N80_E500_10fold9_L1_H31,cdmx_abril_2015,-03103-03100-03104-03200-03230-03240,19.47813105583191,72,8,500,35,1,31,2,3195317.5198611114,898620.47203816054,29205.686250000002,3635.7113114672734,5787.2591400318779,4101384.9169592145,687135409026.56458,828936.3118036056,105.89782648625624,9160.3548683174886,7624007.3856705874,2761.1605142893427
27/09/2016,cdmx_abril_2015-03103-03100-03104-03200-03230-03240_N80_E500_10fold0_L1_H32,cdmx_abril_2015,-03103-03100-03104-03200-03230-03240,20.708938121795654,72,8,500,35,1,32,2,3188878.8987500002,986706.94253711542,29237.732083333332,3808.9832802689634,13779.614352687728,3489744.5064207148,704067641011.48376,839087.3858016719,84.37237219794406,10824.96642114058,9992730.786740154,3161.1280876832807
27/09/2016,cdmx_abril_2015-03103-03100-03104-03200-03230-03240_N80_E500_10fold1_L1_H32,cdmx_abril_2015,-03103-03100-03104-03200-03230-03240,20.650979042053223,72,8,500,35,1,32,2,3131633.4026388889,1162854.3460611629,29064.086666666666,3202.5168567240544,40573.591053119861,3294537.7171402965,549137319311.03973,741038.0012597463,162.41779840740855,11116.73914598643,6494146.0433577029,2548.3614428408114
27/09/2016,cdmx_abril_2015-03103-03100-03104-03200-03230-03240_N80_E500_10fold2_L1_H32,cdmx_abril_2015,-03103-03100-03104-03200-03230-03240,19.859889030456543,72,8,500,35,1,32,2,3192310.7302777781,984627.99481500522,28933.820416666669,3765.5326716593254,3384.8983902926557,4474782.7640046841,776212843814.64331,881029.4227860062,190.12138050699286,13522.91271989222,11132893.219884643,3336.5990499136456
27/09/2016,cdmx_abril_2015-03103-03100-03104-03200-03230-03240_N80_E500_10fold3_L1_H32,cdmx_abril_2015,-03103-03100-03104-03200-03230-03240,19.41991901397705,72,8,500,35,1,32,2,3156379.3809722224,929320.16988516913,29175.294444444447,3810.0913355794223,17252.43521498004,4221221.6971001504,969812649562.82214,984790.6628125706,164.5873611646457,15364.670505103311,11507256.646500349,3392.2347569854815
27/09/2016,cdmx_abril_2015-03103-03100-03104-03200-03230-03240_N80_E500_10fold4_L1_H32,cdmx_abril_2015,-03103-03100-03104-03200-03230-03240,19.76162815093994,72,8,500,35,1,32,2,3161577.8118055556,813316.41191959637,29441.04791666667,4011.555177313815,5264.1263221129775,4118798.1767510166,533847990857.44043,730649.0202945875,77.966082940736669,12231.731181873125,8170992.0353766102,2858.494714946419
27/09/2016,cdmx_abril_2015-03103-03100-03104-03200-03230-03240_N80_E500_10fold5_L1_H32,cdmx_abril_2015,-03103-03100-03104-03200-03230-03240,19.06900119781494,72,8,500,35,1,32,2,3252447.0838888888,961439.3863024161,29175.348055555558,3840.6721885260931,17721.105340567417,4183034.5671350965,830744033556.03027,911451.6079068764,3.393525819574279,12241.932321203289,8361301.2115770066,2891.5914669221524
27/09/2016,cdmx_abril_2015-03103-03100-03104-03200-03230-03240_N80_E500_10fold6_L1_H32,cdmx_abril_2015,-03103-03100-03104-03200-03230-03240,19.22769021987915,72,8,500,35,1,32,2,3199458.7877777778,904422.21874174313,29606.940833333338,3216.463992172085,8860.5734146935865,4191706.3760660719,770928085365.29871,878025.1052021796,24.10652108735303,13657.436521087353,8769655.6814997941,2961.360444373463
27/09/2016,cdmx_abril_2015-03103-03100-03104-03200-03230-03240_N80_E500_10fold7_L1_H32,cdmx_abril_2015,-03103-03100-03104-03200-03230-03240,19.19783902168274,72,8,500,35,1,32,2,3228891.3181944443,910874.92020260193,29476.436944444446,3244.9631397229068,7840.3441071710549,3934653.8823161861,816710080414.18762,903720.1338988679,119.7948353388274,9206.2148907208393,5566382.5742441462,2359.318243528021
27/09/2016,cdmx_abril_2015-03103-03100-03104-03200-03230-03240_N80_E500_10fold8_L1_H32,cdmx_abril_2015,-03103-03100-03104-03200-03230-03240,20.45105791091919,72,8,500,35,1,32,2,3097800.2308333335,807857.56803092791,29619.943888888887,3342.0805514938174,1954.911693465896,4146249.2238216801,800581747816.70557,894752.338816002,4.1559322410685127,11922.161003417907,8331573.8796864403,2886.446583549822
27/09/2016,cdmx_abril_2015-03103-03100-03104-03200-03230-03240_N80_E500_10fold9_L1_H32,cdmx_abril_2015,-03103-03100-03104-03200-03230-03240,20.4340500831604,72,8,500,35,1,32,2,3195317.5198611114,1010323.1200322583,29205.686250000002,4161.3701158644808,10154.089718421921,4132335.7307732161,724394824168.31628,851113.8726212352,1.8438952198448533,11460.706599789901,10459281.522516372,3234.0812485953984
27/09/2016,cdmx_abril_2015-03103-03100-03104-03200-03230-03240_N80_E500_10fold0_L1_H33,cdmx_abril_2015,-03103-03100-03104-03200-03230-03240,19.754703044891357,72,8,500,35,1,33,2,3188878.8987500002,912104.81524976459,29237.732083333332,3636.4155622568737,10929.293773382902,3884359.7310079671,634804474148.98279,796746.1792496922,115.7281323434654,10334.767236775609,7502010.3565983819,2738.979802152324
27/09/2016,cdmx_abril_2015-03103-03100-03104-03200-03230-03240_N80_E500_10fold1_L1_H33,cdmx_abril_2015,-03103-03100-03104-03200-03230-03240,21.93526601791382,72,8,500,35,1,33,2,3131633.4026388889,850196.52100447519,29064.086666666666,3758.1630478929455,12340.925698283594,4746768.2013040138,768674579854.66931,876740.8852418538,31.437470928703988,16094.642126559125,8546422.1559571214,2923.426441003283
27/09/2016,cdmx_abril_2015-03103-03100-03104-03200-03230-03240_N80_E500_10fold2_L1_H33,cdmx_abril_2015,-03103-03100-03104-03200-03230-03240,23.200058937072754,72,8,500,35,1,33,2,3192310.7302777781,920287.95655710483,28933.820416666669,3462.0484124820755,5174.894090956077,3417970.8612957206,560162825749.72034,748440.2619780154,27.159059392593917,9519.4206257643018,6903412.9125010082,2627.434663792995
27/09/2016,cdmx_abril_2015-03103-03100-03104-03200-03230-03240_N80_E500_10fold3_L1_H33,cdmx_abril_2015,-03103-03100-03104-03200-03230-03240,23.09545588493347,72,8,500,35,1,33,2,3156379.3809722224,932270.36854544037,29175.294444444447,4230.1695467426107,33414.966377045959,4119306.985934895,822914893738.62915,907146.5668449774,42.90815219306387,13612.908713277673,11401981.650911391,3376.682047648459
27/09/2016,cdmx_abril_2015-03103-03100-03104-03200-03230-03240_N80_E500_10fold4_L1_H33,cdmx_abril_2015,-03103-03100-03104-03200-03230-03240,22.537918090820312,72,8,500,35,1,33,2,3161577.8118055556,901476.45247102086,29441.04791666667,4118.7722013610646,3727.2559230709448,3550213.8621512335,522732315779.30426,723002.2930664219,135.19324686459004,11793.436256414392,8668787.3280667551,2944.280443175676
27/09/2016,cdmx_abril_2015-03103-03100-03104-03200-03230-03240_N80_E500_10fold5_L1_H33,cdmx_abril_2015,-03103-03100-03104-03200-03230-03240,21.382415056228638,72,8,500,35,1,33,2,3252447.0838888888,958913.71730708866,29175.348055555558,3468.9447216139729,29675.978796186391,4474332.7747965036,644753477272.2605,802965.4271961281,35.712539876734809,12875.359068902973,8307538.6273643784,2882.2801091088245
27/09/2016,cdmx_abril_2015-03103-03100-03104-03200-03230-03240_N80_E500_10fold6_L1_H33,cdmx_abril_2015,-03103-03100-03104-03200-03230-03240,22.783776998519897,72,8,500,35,1,33,2,3199458.7877777778,849519.14286319748,29606.940833333338,3718.7991888555271,18503.593203121331,3476642.3308939533,601123109419.63025,775321.2943158663,51.684903438293986,9807.0549034382966,7003769.4999085786,2646.463583711021
27/09/2016,cdmx_abril_2015-03103-03100-03104-03200-03230-03240_N80_E500_10fold7_L1_H33,cdmx_abril_2015,-03103-03100-03104-03200-03230-03240,23.399749994277954,72,8,500,35,1,33,2,3228891.3181944443,903928.05179789604,29476.436944444446,3257.563935243204,41440.850967323873,4081095.7627040348,776108556928.0376,880970.2361192673,79.807199547241908,11071.721500523377,7206077.217716435,2684.413756803603
27/09/2016,cdmx_abril_2015-03103-03100-03104-03200-03230-03240_N80_E500_10fold8_L1_H33,cdmx_abril_2015,-03103-03100-03104-03200-03230-03240,31.16967797279358,72,8,500,35,1,33,2,3097800.2308333335,859954.36798313481,29619.943888888887,4008.3670815388427,1813.460341026308,4320222.3464651238,793627770733.16248,890857.8847005635,20.914113055820053,12957.56603876681,10235061.107575603,3199.228204985634
27/09/2016,cdmx_abril_2015-03103-03100-03104-03200-03230-03240_N80_E500_10fold9_L1_H33,cdmx_abril_2015,-03103-03100-03104-03200-03230-03240,21.41898798942566,72,8,500,35,1,33,2,3195317.5198611114,876281.21064240974,29205.686250000002,4300.9567728333031,12804.576102069113,4343073.5915324911,787905290438.3175,887640.2933837093,158.1931245302294,13358.966012429544,10108244.674999781,3179.3465798808065
27/09/2016,cdmx_abril_2015-03103-03100-03104-03200-03230-03240_N80_E500_10fold0_L1_H34,cdmx_abril_2015,-03103-03100-03104-03200-03230-03240,20.700134992599487,72,8,500,35,1,34,2,3188878.8987500002,968481.67295306362,29237.732083333332,3726.2311099450217,10168.649286534637,4366434.5865154415,736530302927.08154,858213.4366968869,117.08514173223739,12254.397837340031,7915751.9545782227,2813.4946160563773
27/09/2016,cdmx_abril_2015-03103-03100-03104-03200-03230-03240_N80_E500_10fold1_L1_H34,cdmx_abril_2015,-03103-03100-03104-03200-03230-03240,19.08421802520752,72,8,500,35,1,34,2,3131633.4026388889,902235.66277594981,29064.086666666666,3726.1133653855609,5142.9016039734706,4234483.3375318907,789182114943.88208,888359.2262952427,4.517983703633945,12806.527421865767,7544760.8822727865,2746.772812278581
27/09/2016,cdmx_abril_2015-03103-03100-03104-03200-03230-03240_N80_E500_10fold2_L1_H34,cdmx_abril_2015,-03103-03100-03104-03200-03230-03240,17.941792964935303,72,8,500,35,1,34,2,3192310.7302777781,915079.59845604422,28933.820416666669,4123.6003555059306,5960.4025663174689,3743588.9887534538,693406187375.18787,832710.1460743635,61.623888832047669,13440.318803589778,9431235.2876968458,3071.031632480663
27/09/2016,cdmx_abril_2015-03103-03100-03104-03200-03230-03240_N80_E500_10fold3_L1_H34,cdmx_abril_2015,-03103-03100-03104-03200-03230-03240,17.89100694656372,72,8,500,35,1,34,2,3156379.3809722224,952097.46799427806,29175.294444444447,3838.5488618274426,150.06054200581275,3765591.7641925132,753394328774.10742,867982.9081117366,41.125137606984936,10350.955196575098,9535105.314922601,3087.8965842337725
27/09/2016,cdmx_abril_2015-03103-03100-03104-03200-03230-03240_N80_E500_10fold4_L1_H34,cdmx_abril_2015,-03103-03100-03104-03200-03230-03240,17.8278169631958,72,8,500,35,1,34,2,3161577.8118055556,788946.52377959737,29441.04791666667,3597.091963488107,1660.7337193749845,3561338.476280625,519994328194.44336,721106.322392505,23.1815510348315,12347.164375332148,7779307.9498861236,2789.141077444116
27/09/2016,cdmx_abril_2015-03103-03100-03104-03200-03230-03240_N80_E500_10fold5_L1_H34,cdmx_abril_2015,-03103-03100-03104-03200-03230-03240,18.063895225524902,72,8,500,35,1,34,2,3252447.0838888888,868435.1188894806,29175.348055555558,3049.9937181520122,3462.0999479081947,3637291.0863444009,742156892019.7323,861485.2825322858,11.838457726422348,11248.547034667214,7834426.2116293842,2799.0045036815113
27/09/2016,cdmx_abril_2015-03103-03100-03104-03200-03230-03240_N80_E500_10fold6_L1_H34,cdmx_abril_2015,-03103-03100-03104-03200-03230-03240,17.756190061569214,72,8,500,35,1,34,2,3199458.7877777778,943139.61155795283,29606.940833333338,4213.7800434857309,2457.1378321200609,4550796.5460245442,805367905951.22168,897422.924797011,3.8273323613429966,13553.878093882826,9510929.6375752445,3083.979513157512
27/09/2016,cdmx_abril_2015-03103-03100-03104-03200-03230-03240_N80_E500_10fold7_L1_H34,cdmx_abril_2015,-03103-03100-03104-03200-03230-03240,17.79280996322632,72,8,500,35,1,34,2,3228891.3181944443,1007430.0022491124,29476.436944444446,3892.5030820303291,3378.2997155450284,4155805.9186490001,708377581796.56641,841651.6986239417,1.9049782038273406,13158.462895997704,8419909.1727074217,2901.7079750911225
27/09/2016,cdmx_abril_2015-03103-03100-03104-03200-03230-03240_N80_E500_10fold8_L1_H34,cdmx_abril_2015,-03103-03100-03104-03200-03230-03240,17.654267072677612,72,8,500,35,1,34,2,3097800.2308333335,1134592.2991997381,29619.943888888887,4287.7556742506113,20634.667928907555,5049428.190186806,1021898093028.1571,1010889.7531522204,155.68184306861076,14656.581193425305,12590516.733270936,3548.3118145494113
27/09/2016,cdmx_abril_2015-03103-03100-03104-03200-03230-03240_N80_E500_10fold9_L1_H34,cdmx_abril_2015,-03103-03100-03104-03200-03230-03240,17.714277029037476,72,8,500,35,1,34,2,3195317.5198611114,938711.08209150762,29205.686250000002,3586.2057009609166,48932.862702843267,4468464.0853928141,763146506986.84875,873582.5702169479,57.675904227042338,10774.268184197495,7001749.7296959301,2646.081958234841
27/09/2016,from_-03103-03100-03104-03200-03230-03240_N407_E500_10fold0_L1_H47,from_,-03103-03100-03104-03200-03230-03240,96.51526808738708,367,40,500,35,1,47,2,3216795.267356948,936101.60240412911,29902.744959128067,5074.8041115303859,950.73466323735192,5198316.9053367628,653696742172.49255,808515.146532514,0.65687510365387425,18055.293124896343,14901772.580584144,3860.2814120973285
27/09/2016,from_-03103-03100-03104-03200-03230-03240_N407_E500_10fold1_L1_H47,from_,-03103-03100-03104-03200-03230-03240,95.96802496910095,367,40,500,35,1,47,2,3209204.8929700274,936480.67809224664,29873.167002724793,5479.6768854349612,1224.083339465782,5175499.283339466,636968050740.37463,798102.7820653018,22.12977770249563,18529.919777702497,18821568.900692455,4338.383212752471
27/09/2016,from_-03103-03100-03104-03200-03230-03240_N407_E500_10fold2_L1_H47,from_,-03103-03100-03104-03200-03230-03240,97.61375498771667,367,40,500,35,1,47,2,3229344.5839237054,893502.35491007636,29930.309673024523,4874.2023974124349,7473.3864013003185,5731076.374429699,632090095946.28882,795040.9397925925,14.166249181816966,14930.598712754792,11023072.412106421,3320.1012653391194
27/09/2016,from_-03103-03100-03104-03200-03230-03240_N407_E500_10fold3_L1_H47,from_,-03103-03100-03104-03200-03230-03240,106.08769178390503,367,40,500,35,1,47,2,3227347.2644141689,886561.54111599841,30056.097547683927,4820.861156641894,6366.2072841613553,3857321.8472841615,563911304940.64026,750940.280542095,16.801260191936308,18208.757441595528,12861344.074746454,3586.271611959481
27/09/2016,from_-03103-03100-03104-03200-03230-03240_N407_E500_10fold4_L1_H47,from_,-03103-03100-03104-03200-03230-03240,114.45601797103882,367,40,500,35,1,47,2,3205806.7896730243,885216.07071108231,30035.045803814715,4987.9513459384771,2285.4279349856079,5622499.9318245687,637070840695.79041,798167.1759072721,1.31035270843131,16381.599797302741,14618813.597875426,3823.4557141250407
27/09/2016,from_-03103-03100-03104-03200-03230-03240_N407_E500_10fold5_L1_H47,from_,-03103-03100-03104-03200-03230-03240,113.50996994972229,367,40,500,35,1,47,2,3253010.951362398,1053538.8699185499,30023.85741144414,5110.8806880532447,1791.5953887104988,4780297.2753887102,660175398762.35498,812511.7837683064,0.45680911759700393,18012.098236625985,16218185.046528311,4027.1807814559693
27/09/2016,from_-03103-03100-03104-03200-03230-03240_N407_E500_10fold6_L1_H47,from_,-03103-03100-03104-03200-03230-03240,106.71302795410156,367,40,500,35,1,47,2,3230685.6541416892,842023.97825322393,30187.372261580378,4792.0347447875074,1556.2625822881237,5442089.3982183831,614231537636.27234,783729.2502109847,16.575720311629993,18382.018766651283,13193568.407937627,3632.2951983474068
27/09/2016,from_-03103-03100-03104-03200-03230-03240_N407_E500_10fold7_L1_H47,from_,-03103-03100-03104-03200-03230-03240,108.70541596412659,367,40,500,35,1,47,2,3227569.3897547685,898369.96654972713,30123.590163487737,5050.6447982903674,4848.7426227829419,5242991.2573772166,604660562910.69202,777599.2302662677,35.277032267542381,19184.545374766549,11945077.926431978,3456.165205315275
27/09/2016,from_-03103-03100-03104-03200-03230-03240_N407_E500_10fold8_L1_H47,from_,-03103-03100-03104-03200-03230-03240,103.43047308921814,367,40,500,35,1,47,2,3224711.1542234328,889272.75542130135,30052.629727520434,5448.7313885888207,2282.9261089763604,5768222.9261089768,679212631685.37964,824143.5746794242,40.970472466698993,21641.671093394929,12382472.102255626,3518.873697968659
27/09/2016,from_-03103-03100-03104-03200-03230-03240_N407_E500_10fold9_L1_H47,from_,-03103-03100-03104-03200-03230-03240,106.49751710891724,367,40,500,35,1,47,2,3234248.9532697545,902259.07864996977,29868.565585831064,5722.4540363298283,3532.0431020292453,5167068.4794830866,626835289289.14148,791729.3030380658,17.222627089038724,22393.282627089036,12717695.622706197,3566.187827737933
27/09/2016,from_-03103-03100-03104-03200-03230-03240_N407_E500_10fold0_L1_H48,from_,-03103-03100-03104-03200-03230-03240,122.33837413787842,367,40,500,35,1,48,2,3216795.267356948,923332.08128336142,29902.744959128067,5802.1342303187712,5482.9358966164291,5995344.7394926315,670578545075.29602,818888.6035812784,81.663872346751305,22857.864171514255,12940403.333783839,3597.277211139536
27/09/2016,from_-03103-03100-03104-03200-03230-03240_N407_E500_10fold1_L1_H48,from_,-03103-03100-03104-03200-03230-03240,113.2426278591156,367,40,500,35,1,48,2,3209204.8929700274,1038703.2145632842,29873.167002724793,5762.8330322637185,140.6518637756817,5848243.7647760306,830335601699.93286,911227.5246610655,77.735348650676315,22298.324651349321,13034432.337287646,3610.3230239533477
27/09/2016,from_-03103-03100-03104-03200-03230-03240_N407_E500_10fold2_L1_H48,from_,-03103-03100-03104-03200-03230-03240,108.83196997642517,367,40,500,35,1,48,2,3229344.5839237054,889673.75283322867,29930.309673024523,4852.4428489964712,3466.1319002811797,5707959.9704089276,693527996878.12195,832783.2832604903,6.525641175761848,15645.20480240468,12850207.972917918,3584.7186741664846
27/09/2016,from_-03103-03100-03104-03200-03230-03240_N407_E500_10fold3_L1_H48,from_,-03103-03100-03104-03200-03230-03240,103.27880501747131,367,40,500,35,1,48,2,3227347.2644141689,863378.78341724956,30056.097547683927,4865.8655038734505,867.37431143922731,4402127.2343114391,598216103646.54016,773444.3119233215,11.540627711146954,18540.862306797681,13506023.506641239,3675.0542181906976
27/09/2016,from_-03103-03100-03104-03200-03230-03240_N407_E500_10fold4_L1_H48,from_,-03103-03100-03104-03200-03230-03240,112.87571811676025,367,40,500,35,1,48,2,3205806.7896730243,958040.35239234578,30035.045803814715,4878.1793395375607,1021.7872338541783,4553884.894345494,621717131548.98328,788490.4130989693,4.9077714781778923,18436.957771478174,13128702.345869582,3623.3551227929042
27/09/2016,from_-03103-03100-03104-03200-03230-03240_N407_E500_10fold5_L1_H48,from_,-03103-03100-03104-03200-03230-03240,102.159677028656,367,40,500,35,1,48,2,3253010.951362398,874289.48794882011,30023.85741144414,4987.3637359418044,3928.7360150050372,5475387.3864935869,645283011977.0155,803295.0964477597,9.497423082437308,18959.64097938731,10777505.192703649,3282.9110851047503
27/09/2016,from_-03103-03100-03104-03200-03230-03240_N407_E500_10fold6_L1_H48,from_,-03103-03100-03104-03200-03230-03240,101.37560105323792,367,40,500,35,1,48,2,3230685.6541416892,841654.96071710333,30187.372261580378,5307.8296175431542,2950.820906621404,5508935.2330266135,579142684649.06995,761014.2473364542,5.1367438342604146,21350.313256165737,11327169.32716107,3365.586030271856
27/09/2016,from_-03103-03100-03104-03200-03230-03240_N407_E500_10fold7_L1_H48,from_,-03103-03100-03104-03200-03230-03240,103.4731171131134,367,40,500,35,1,48,2,3227569.3897547685,863301.96205168299,30123.590163487737,5511.5344001367794,1218.2973925168626,5507190.312607483,593837116943.29944,770608.2772351329,12.689186860610789,17212.689186860611,20612656.079292029,4540.116306802286
27/09/2016,from_-03103-03100-03104-03200-03230-03240_N407_E500_10fold8_L1_H48,from_,-03103-03100-03104-03200-03230-03240,105.46517705917358,367,40,500,35,1,48,2,3224711.1542234328,1072133.8879279615,30052.629727520434,4959.2257329249678,10098.156113020144,4724770.7756341305,652507895890.76831,807779.6084890781,7.7739288629236398,17029.406071137077,14477067.63052113,3804.874193783696
27/09/2016,from_-03103-03100-03104-03200-03230-03240_N407_E500_10fold9_L1_H48,from_,-03103-03100-03104-03200-03230-03240,102.93354606628418,367,40,500,35,1,48,2,3234248.9532697545,870613.35209529474,29868.565585831064,5486.6803546314204,3242.3866025325842,5661658.7966025323,621936167048.27283,788629.2963416163,5.0646844028742635,21901.484684402873,11664110.848778959,3415.2761013978006
27/09/2016,from_-03103-03100-03104-03200-03230-03240_N407_E500_10fold0_L1_H49,from_,-03103-03100-03104-03200-03230-03240,97.47825407981873,367,40,500,35,1,49,2,3216795.267356948,907334.58991811029,29902.744959128067,4900.686977895326,4261.3294645911083,5271671.1540608853,607118841687.47754,779178.3118692907,11.505778330436442,18380.714221669561,12903139.010753751,3592.093959065346
27/09/2016,from_-03103-03100-03104-03200-03230-03240_N407_E500_10fold1_L1_H49,from_,-03103-03100-03104-03200-03230-03240,106.10268902778625,367,40,500,35,1,49,2,3209204.8929700274,879955.99406092986,29873.167002724793,4933.7883190016682,1703.913611356169,5103619.546381562,615455254557.1001,784509.56307562,14.620399281677237,19782.656452573869,12023217.592884023,3467.451166618504
27/09/2016,from_-03103-03100-03104-03200-03230-03240_N407_E500_10fold2_L1_H49,from_,-03103-03100-03104-03200-03230-03240,98.69454407691956,367,40,500,35,1,49,2,3229344.5839237054,875233.45778946136,29930.309673024523,4937.9821057092413,516.75423219427466,5402049.7542321943,651514421467.151,807164.4327317396,3.21553124118509,14922.615531241185,11648293.741763478,3412.9596747930495
27/09/2016,from_-03103-03100-03104-03200-03230-03240_N407_E500_10fold3_L1_H49,from_,-03103-03100-03104-03200-03230-03240,97.10721111297607,367,40,500,35,1,49,2,3227347.2644141689,885177.55753696465,30056.097547683927,4913.7437111769877,14310.228971295524,3949124.9710287047,575418750563.3678,758563.6100969831,140.98313558502559,18488.763135585021,12278450.741632061,3504.0620345011102
27/09/2016,from_-03103-03100-03104-03200-03230-03240_N407_E500_10fold4_L1_H49,from_,-03103-03100-03104-03200-03230-03240,105.05850791931152,367,40,500,35,1,49,2,3205806.7896730243,973977.26462812314,30035.045803814715,4880.5414451707511,1101.5487614106387,4921713.6351691457,632393110876.6593,795231.4825738851,55.851036871463293,18598.417670071256,12149859.069268432,3485.6647958844856
27/09/2016,from_-03103-03100-03104-03200-03230-03240_N407_E500_10fold5_L1_H49,from_,-03103-03100-03104-03200-03230-03240,103.12755584716797,367,40,500,35,1,49,2,3253010.951362398,932726.56021899567,30023.85741144414,4877.7288182197635,372.71017084969208,4126188.5928406892,536206701389.70007,732261.3613933894,22.841071446895512,16358.725263093496,14965182.683830641,3868.4858386493597
27/09/2016,from_-03103-03100-03104-03200-03230-03240_N407_E500_10fold6_L1_H49,from_,-03103-03100-03104-03200-03230-03240,97.54681777954102,367,40,500,35,1,49,2,3230685.6541416892,840630.36394425959,30187.372261580378,4982.8299160628667,5918.0174012701027,5358793.9825987294,594384958455.24146,770963.655729141,4.2761422804032918,20201.52576982617,11238638.557290744,3352.4078745419306
27/09/2016,from_-03103-03100-03104-03200-03230-03240_N407_E500_10fold7_L1_H49,from_,-03103-03100-03104-03200-03230-03240,101.18876314163208,367,40,500,35,1,49,2,3227569.3897547685,826187.52035912906,30123.590163487737,4946.5918187831139,4910.6061332821846,5523964.393636575,568000478833.42773,753658.0649295991,35.971365412602609,19752.0813654126,12279851.72153745,3504.2619367760526
27/09/2016,from_-03103-03100-03104-03200-03230-03240_N407_E500_10fold8_L1_H49,from_,-03103-03100-03104-03200-03230-03240,99.96274018287659,367,40,500,35,1,49,2,3224711.1542234328,926277.28556844371,30052.629727520434,4935.6667813188214,442.90482666762546,5928842.9616044834,708109108558.87061,841492.1916208555,1.508559305460949,18743.569734217352,12600631.505582487,3549.7368220168782
27/09/2016,from_-03103-03100-03104-03200-03230-03240_N407_E500_10fold9_L1_H49,from_,-03103-03100-03104-03200-03230-03240,103.7683458328247,367,40,500,35,1,49,2,3234248.9532697545,976951.55545815558,29868.565585831064,5121.9949267834245,972.02304565394297,4945214.837287318,634442775184.90869,796519.161844151,11.16432587592135,17095.875674124072,16343827.232595064,4042.7499591979545
27/09/2016,from_-03103-03100-03104-03200-03230-03240_N407_E500_10fold0_L1_H50,from_,-03103-03100-03104-03200-03230-03240,101.06672382354736,367,40,500,35,1,50,2,3216795.267356948,883492.11422628036,29902.744959128067,4802.8310657626189,4466.427888316568,5239597.6357917674,602936129313.92249,776489.6195789886,7.7365469976139138,17822.503453002384,12893318.392115001,3590.7267220041963
27/09/2016,from_-03103-03100-03104-03200-03230-03240_N407_E500_10fold1_L1_H50,from_,-03103-03100-03104-03200-03230-03240,101.95281195640564,367,40,500,35,1,50,2,3209204.8929700274,897662.61245975993,29873.167002724793,4855.9418752371257,5955.9770922046155,5575452.4370922046,699551295796.21997,836391.8314977855,82.602093051547854,17981.067680725835,12591799.611615017,3548.492583001269
27/09/2016,from_-03103-03100-03104-03200-03230-03240_N407_E500_10fold2_L1_H50,from_,-03103-03100-03104-03200-03230-03240,97.65335893630981,367,40,500,35,1,50,2,3229344.5839237054,1107573.1454435005,29930.309673024523,5469.9392954648783,274.88017119513825,6366783.6401711944,874043631564.34192,934903.0065008573,101.51749528074652,17433.142718919444,11471997.3050144,3387.033702964055
27/09/2016,from_-03103-03100-03104-03200-03230-03240_N407_E500_10fold3_L1_H50,from_,-03103-03100-03104-03200-03230-03240,97.84232687950134,367,40,500,35,1,50,2,3227347.2644141689,878435.85135361936,30056.097547683927,5395.2173439953522,7069.918988621328,4542963.0989886215,630779646680.43115,794216.372709875,2.0118723154810141,20990.428127684514,11498431.073206276,3390.9336580367176
27/09/2016,from_-03103-03100-03104-03200-03230-03240_N407_E500_10fold4_L1_H50,from_,-03103-03100-03104-03200-03230-03240,101.82921099662781,367,40,500,35,1,50,2,3205806.7896730243,893537.99458910117,30035.045803814715,5476.3223719068546,5398.3951549376361,5678784.4951549377,651329238057.37122,807049.7122590226,33.922195170431223,21656.942195170428,11412508.459479189,3378.240438376047
27/09/2016,from_-03103-03100-03104-03200-03230-03240_N407_E500_10fold5_L1_H50,from_,-03103-03100-03104-03200-03230-03240,97.9830539226532,367,40,500,35,1,50,2,3253010.951362398,846826.08147206507,30023.85741144414,5951.3870936532239,3844.0234206090681,5554056.3281554785,617445786311.63074,785777.1861740648,15.343208043483173,22951.260890110625,15348504.485585876,3917.71674391933
27/09/2016,from_-03103-03100-03104-03200-03230-03240_N407_E500_10fold6_L1_H50,from_,-03103-03100-03104-03200-03230-03240,101.15451097488403,367,40,500,35,1,50,2,3230685.6541416892,898762.17363402143,30187.372261580378,4949.5873567454892,757.95198301086202,5072785.3280169889,603197295963.25415,776657.7727437319,44.016940242123383,17179.003059757873,14888658.357072547,3858.5824284408577
27/09/2016,from_-03103-03100-03104-03200-03230-03240_N407_E500_10fold7_L1_H50,from_,-03103-03100-03104-03200-03230-03240,108.73521208763123,367,40,500,35,1,50,2,3227569.3897547685,874352.09242463182,30123.590163487737,5297.3295341673356,3361.4531155074947,5133093.4431155082,604083731200.15845,777228.2362344785,26.706096935333335,18818.295126992845,19740214.195639674,4442.996083234789
27/09/2016,from_-03103-03100-03104-03200-03230-03240_N407_E500_10fold8_L1_H50,from_,-03103-03100-03104-03200-03230-03240,118.37097597122192,367,40,500,35,1,50,2,3224711.1542234328,1126588.5449935542,30052.629727520434,5015.5648485423171,2413.0950843621977,4649469.9839375038,690033107374.96545,830682.314350658,6.0234771942959924,19889.401707520326,11550551.334999351,3398.6102063931003
27/09/2016,from_-03103-03100-03104-03200-03230-03240_N407_E500_10fold9_L1_H50,from_,-03103-03100-03104-03200-03230-03240,114.29837012290955,367,40,500,35,1,50,2,3234248.9532697545,924912.35898843629,29868.565585831064,4946.3607847089479,12169.688153187279,5091009.6881531868,625519971225.42188,790898.2053497288,9.5833961179814651,17250.076603882015,14719346.598624563,3836.580065452116
27/09/2016,from_-03103-03100-03104-03200-03230-03240_N407_E500_10fold0_L1_H51,from_,-03103-03100-03104-03200-03230-03240,100.36414098739624,367,40,500,35,1,51,2,3216795.267356948,1134662.3810021593,29902.744959128067,5496.8503836893642,1699.2019415837713,6412047.8719415832,865795445417.78589,930481.2977259596,11.099568468063808,22462.543945571946,12831763.851991596,3582.145146695147
27/09/2016,from_-03103-03100-03104-03200-03230-03240_N407_E500_10fold1_L1_H51,from_,-03103-03100-03104-03200-03230-03240,109.01361918449402,367,40,500,35,1,51,2,3209204.8929700274,918664.86246852006,29873.167002724793,5137.2138865235202,7507.4597137938254,5302522.7265171278,631806642804.97278,794862.6565671411,6.6849500324715336,20376.230052386712,11331806.064310424,3366.2748052276456
27/09/2016,from_-03103-03100-03104-03200-03230-03240_N407_E500_10fold2_L1_H51,from_,-03103-03100-03104-03200-03230-03240,105.73785209655762,367,40,500,35,1,51,2,3229344.5839237054,1222433.6253469712,29930.309673024523,4879.8087726403028,15350.265630939044,4095576.6566884895,687884765195.3905,829388.1872774597,9.7111206377594499,14963.078879362241,11306185.095299924,3362.4671143819273
27/09/2016,from_-03103-03100-03104-03200-03230-03240_N407_E500_10fold3_L1_H51,from_,-03103-03100-03104-03200-03230-03240,99.08543705940247,367,40,500,35,1,51,2,3227347.2644141689,870963.85899158916,30056.097547683927,5151.2680780160199,296.37625704845414,4063429.8362570484,560345054692.17078,748561.9912152706,17.455054140842549,20352.845054140838,11686178.160445159,3418.5052523647173
27/09/2016,from_-03103-03100-03104-03200-03230-03240_N407_E500_10fold4_L1_H51,from_,-03103-03100-03104-03200-03230-03240,97.81050276756287,367,40,500,35,1,51,2,3205806.7896730243,1008429.1806150379,30035.045803814715,5093.9029956069508,793.78298794245347,4973651.3000096027,642995281006.51782,801869.8653812336,10.978990453491861,17159.132882050384,16658522.527462624,4081.485333486159
27/09/2016,from_-03103-03100-03104-03200-03230-03240_N407_E500_10fold5_L1_H51,from_,-03103-03100-03104-03200-03230-03240,98.13167190551758,367,40,500,35,1,51,2,3253010.951362398,1014496.8333520623,30023.85741144414,5317.7025413590727,1803.3672217461281,6112067.6327782534,799071131789.52966,893907.787072878,5.67567093910111,20922.31517175656,10613508.629419142,3257.8380299547034
27/09/2016,from_-03103-03100-03104-03200-03230-03240_N407_E500_10fold6_L1_H51,from_,-03103-03100-03104-03200-03230-03240,115.50658082962036,367,40,500,35,1,51,2,3230685.6541416892,857595.26875861466,30187.372261580378,4939.3226413656166,4966.2576581486501,5313873.7423418518,595179993877.16602,771479.09490612,10.921317018612172,19324.401317018608,10845586.317450676,3293.2637789054606
27/09/2016,from_-03103-03100-03104-03200-03230-03240_N407_E500_10fold7_L1_H51,from_,-03103-03100-03104-03200-03230-03240,115.04140901565552,367,40,500,35,1,51,2,3227569.3897547685,1073366.103137994,30123.590163487737,4941.4443694927759,282.80776710668579,4668039.6922328938,621019080100.70752,788047.6382178349,75.287432573466504,17928.307432573463,13291665.912519835,3645.7737056103515
27/09/2016,from_-03103-03100-03104-03200-03230-03240_N407_E500_10fold8_L1_H51,from_,-03103-03100-03104-03200-03230-03240,117.76833295822144,367,40,500,35,1,51,2,3224711.1542234328,1522733.8202904551,30052.629727520434,5022.6253451249122,3790.5076027410105,4098422.2349254498,769844393274.86633,877407.769098762,7.8043873839123989,17225.215612616084,16215606.008843988,4026.8605648624075
27/09/2016,from_-03103-03100-03104-03200-03230-03240_N407_E500_10fold9_L1_H51,from_,-03103-03100-03104-03200-03230-03240,118.66828513145447,367,40,500,35,1,51,2,3234248.9532697545,877985.81710806827,29868.565585831064,4912.9809438382545,1417.6412713369355,5259687.5872132648,629963237365.81836,793702.2346987681,73.630801001119835,19420.010801001117,12154814.413695894,3486.3755411165753
27/09/2016,from_-03103-03100-03104-03200-03230-03240_N407_E500_10fold0_L1_H52,from_,-03103-03100-03104-03200-03230-03240,117.0376980304718,367,40,500,35,1,52,2,3216795.267356948,866771.61713901744,29902.744959128067,4926.1217729514256,3126.6413713474758,5337621.4302720316,621939569449.84326,788631.4535002032,4.7878923442549421,17874.886017242003,14603287.858238291,3821.424846603462
27/09/2016,from_-03103-03100-03104-03200-03230-03240_N407_E500_10fold1_L1_H52,from_,-03103-03100-03104-03200-03230-03240,117.55791807174683,367,40,500,35,1,52,2,3209204.8929700274,881410.90379361156,29873.167002724793,5547.5271213818633,5943.3540925341658,5414877.4559074659,644238918074.84937,802644.9514417002,1.4122736318240641,18937.102273631826,20436985.16586519,4520.728388862262
27/09/2016,from_-03103-03100-03104-03200-03230-03240_N407_E500_10fold2_L1_H52,from_,-03103-03100-03104-03200-03230-03240,105.93828105926514,367,40,500,35,1,52,2,3229344.5839237054,869057.13277148129,29930.309673024523,4859.8859323473671,743.38770531211048,5467424.8522946881,655868839727.96326,809857.2959033976,9.2553675973904319,16090.455367597389,12091542.369315667,3477.28951473927
27/09/2016,from_-03103-03100-03104-03200-03230-03240_N407_E500_10fold3_L1_H52,from_,-03103-03100-03104-03200-03230-03240,114.98257088661194,367,40,500,35,1,52,2,3227347.2644141689,876079.02411504451,30056.097547683927,5004.6209569223929,246.51841502357274,4018094.9038749565,565727890322.91748,752148.8485153171,47.609440669846663,18223.355679133892,11709935.946531482,3421.978367338327
27/09/2016,from_-03103-03100-03104-03200-03230-03240_N407_E500_10fold4_L1_H52,from_,-03103-03100-03104-03200-03230-03240,119.08026504516602,367,40,500,35,1,52,2,3205806.7896730243,874653.61563197535,30035.045803814715,4928.5568807922664,4053.9158820761368,5485823.005882076,628817908844.45276,792980.3962548209,43.152093174026959,19566.172093174024,11213726.967907252,3348.6903362220955
27/09/2016,from_-03103-03100-03104-03200-03230-03240_N407_E500_10fold5_L1_H52,from_,-03103-03100-03104-03200-03230-03240,118.30690002441406,367,40,500,35,1,52,2,3253010.951362398,985495.74075156858,30023.85741144414,4892.1542749173441,8163.0388315236196,4909538.2211684762,607024292586.59253,779117.6371938916,21.084506497863913,18113.355493502131,13207328.958477961,3634.1888996690805
27/09/2016,from_-03103-03100-03104-03200-03230-03240_N407_E500_10fold6_L1_H52,from_,-03103-03100-03104-03200-03230-03240,116.05595993995667,367,40,500,35,1,52,2,3230685.6541416892,854834.39900209324,30187.372261580378,5012.665017562349,1958.8473212239332,5614058.7073212238,652901771275.5896,808023.372976048,77.044608280426473,17384.964608280425,14179103.227665624,3765.515001651915
27/09/2016,from_-03103-03100-03104-03200-03230-03240_N407_E500_10fold7_L1_H52,from_,-03103-03100-03104-03200-03230-03240,116.16988396644592,367,40,500,35,1,52,2,3227569.3897547685,1019557.4303906239,30123.590163487737,4953.8811988205944,2365.0283671100624,4851398.8916328903,623682024388.67334,789735.414166462,60.896430683267681,19214.463569316729,12285459.944512399,3505.0620457436125
27/09/2016,from_-03103-03100-03104-03200-03230-03240_N407_E500_10fold8_L1_H52,from_,-03103-03100-03104-03200-03230-03240,114.56442713737488,367,40,500,35,1,52,2,3224711.1542234328,862447.41703863419,30052.629727520434,5107.0240978223728,4076.0766290389001,5340772.0741166938,617427658232.27722,785765.6509623446,8.7641385052811529,20643.086456715871,10651765.808229545,3263.7043077199173
27/09/2016,from_-03103-03100-03104-03200-03230-03240_N407_E500_10fold9_L1_H52,from_,-03103-03100-03104-03200-03230-03240,107.04707098007202,367,40,500,35,1,52,2,3234248.9532697545,897970.07815576054,29868.565585831064,4930.9759056678013,727.4217887930572,4546800.8878672179,603243793923.27966,776687.7068186927,1.886781092871388,18021.133218907125,13245682.765614429,3639.4618785768907
29-09-2016,from_-03103-03100-03104-03200-03230-03240_N412_E500_10fold0_L1_H50,from_,-03103-03100-03104-03200-03230-03240,111.21507000923157,371,41,500,45,1,50,4,3194411.5309164422,916109.81899916078,1143756.3573854447,422984.41951766954,2550.3189867874607,4625449.6810132125,605126691394.21692,777898.8953547992,1373.0249304848257,2252924.7749304851,135558211778.78323,368182.3078025114
29-09-2016,from_-03103-03100-03104-03200-03230-03240_N412_E500_10fold1_L1_H50,from_,-03103-03100-03104-03200-03230-03240,115.9040219783783,371,41,500,45,1,50,4,3197701.9352291105,846983.0893754022,1140820.8210781671,408138.65368206042,3929.5199812394567,5718929.519981239,567188778529.30005,753119.3653925651,1624.2048523226986,2194445.7951476774,109554957072.63188,330990.87158505124
29-09-2016,from_-03103-03100-03104-03200-03230-03240_N412_E500_10fold2_L1_H50,from_,-03103-03100-03104-03200-03230-03240,109.49334192276001,371,41,500,45,1,50,4,3219188.4581401618,1041862.0532038278,1147443.1051482479,493370.0918337403,6601.2760530309752,6105161.9377959743,808388715752.22925,899104.3964703038,3245.8037850327091,2398210.9762149677,172513971256.95248,415348.0122222237
29-09-2016,from_-03103-03100-03104-03200-03230-03240_N412_E500_10fold3_L1_H50,from_,-03103-03100-03104-03200-03230-03240,111.03784704208374,371,41,500,45,1,50,4,3218218.1983827492,952837.12478445831,1146557.9676280324,433255.93395759264,1155.1889709597453,5990915.1889709597,662799521940.40234,814125.0038786442,301.05200945073739,2266434.2020094511,132322718649.52013,363761.89829271584
29-09-2016,from_-03103-03100-03104-03200-03230-03240_N412_E500_10fold4_L1_H50,from_,-03103-03100-03104-03200-03230-03240,107.74458813667297,371,41,500,45,1,50,4,3217336.0592183289,968964.58854086511,1149409.036199461,423046.4508742583,1987.165174480062,5989841.2600357849,740196151109.85474,860346.5296668864,4289.1396250752732,2203254.8603749247,123115622295.76846,350878.35826076317
29-09-2016,from_-03103-03100-03104-03200-03230-03240_N412_E500_10fold5_L1_H50,from_,-03103-03100-03104-03200-03230-03240,107.24699997901917,371,41,500,45,1,50,4,3189724.8462803233,876205.18448132416,1139611.4393800539,407505.94645755133,422.65534696169198,5603577.3446530383,590069565326.47705,768159.8566226154,1565.5689884378808,2174803.8010115623,125114045929.77132,353714.6391227981
29-09-2016,from_-03103-03100-03104-03200-03230-03240_N412_E500_10fold6_L1_H50,from_,-03103-03100-03104-03200-03230-03240,108.79193806648254,371,41,500,45,1,50,4,3226805.7853638809,868924.29231259262,1161707.4870350405,403327.40146138147,2317.4878762587905,5293538.6979269125,587605606828.21863,766554.3730409596,407.41030684905127,1920463.0996931512,104713498430.416,323594.6514243027
29-09-2016,from_-03103-03100-03104-03200-03230-03240_N412_E500_10fold7_L1_H50,from_,-03103-03100-03104-03200-03230-03240,113.03035020828247,371,41,500,45,1,50,4,3262705.9783557951,947608.86305097246,1165185.5273315364,445204.63982143701,991.65781649295241,5009721.058805218,579650986858.82117,761348.1377522514,787.59984807437286,1787458.6201519258,106448030051.408,326263.7430843458
29-09-2016,from_-03103-03100-03104-03200-03230-03240_N412_E500_10fold8_L1_H50,from_,-03103-03100-03104-03200-03230-03240,112.92026114463806,371,41,500,45,1,50,4,3221404.0915633426,926967.98067388393,1151640.7990026954,413987.95413290634,5001.3567521180958,5882998.6432478819,670355250448.28198,818752.2521790593,1291.4940129509196,2155687.5259870496,124021949183.549,352167.5016005154
29-09-2016,from_-03103-03100-03104-03200-03230-03240_N412_E500_10fold9_L1_H50,from_,-03103-03100-03104-03200-03230-03240,111.40163087844849,371,41,500,45,1,50,4,3224323.2290296499,1138479.0721376524,1155441.5465768194,638360.13121210947,2144.8817324284464,4569228.746885051,637208398022.86646,798253.3420054478,869.87109344173223,1483388.0589065584,133463250526.67914,365326.22480008076
