SUPERFICIE_TERRENO,SUPERFICIE_PRIVATIVAS,NUMERO_RECAMARAS,NUMERO_RECAMARAS,NUMERO_BANIOS,NUMERO_MEDIOS_BANOS,NUMERO_ESTACIONAMIENTOS,CVE_CLASE_INMUEBLE,CVE_ESTADO_CONSERVACION,ELEVADOR,INDICE_SATURACION_ZONA,CVE_DENSIDAD_HABITACIONAL,DENSIDAD_HABITACIONAL_VIVIENDAS,CVE_NIVEL_SOCIO_ECONOMICO_ZONA,NIVEL_INFRAESTRUCTURA,CVE_NIVEL_INFRAESTR_URBANA,CVE_NIVEL_EQUIPAMIENTO_URBANO,DISTANCIA_IGLESIA,DISTANCIA_BANCOS,DISTANCIA_CANCHAS_DEPORTIVAS,DISTANCIA_CENTRO_DEPORTIVO,DISTANCIA_PLAZASPUBLICAS,DISTANCIA_PARQUES,DISTANCIA_JARDINES,DISTANCIA_MERCADOS,DISTANCIA_SUPERMERCADOS,DISTANCIA_LOCALES_COMERCIALES,DISTANCIA_SERVICIOS_SALUD_PRIMER_NIVEL_,DISTANCIA_SERVICIOS_SALUD_SEGUNDO_NIVEL_,DISTANCIA_SERVICIOS_SALUD_TERCER_NIVEL_,DISTANCIA_ESCUELAS_PRIMARIAS,DISTANCIA_ESCUELAS_SECUNDARIAS,DISTANCIA_ESCUELAS_PREPARATORIA,DISTANCIA_UNIVERSIDAD,LONGITUD,LATITUD,codigo_postal_ubicacion_inmueble,CAT_REGIMEN_PROPIEDAD,CAT_TIPO_INMUEBLE,id2,IM_VENTAS_VALOR_UNITARIO_APLICABLE_AVALUO_M2,IM_VENTAS_VALOR_MERCADO_INMUEBLE
51.54,160.65,2,2,3,0,0,5,4,1,99,4,80,5,100.00,3,4,440,1653,1152,1940,1948,1147,1042,891,412,1650,997,1564,1996,685,613,1761,554,99.1666667,19.3884778,03100,2,4,21395,20529.22,3298019.19
20,40,1,1,1,0,0,4,4,2,95,4,120,4,100.00,3,4,800,800,1200,1500,800,600,600,800,800,0,1200,1000,2000,900,900,1500,1500,99.1651778,19.3929056,03100,2,4,50816,27777.74,1110000
317.20,125.97,3,3,2,0,1,4,4,1,100,2,6,5,100,3,4,200,160,0,0,350,80,0,350,0,0,0,0,0,0,0,0,0,-99.1656533,19.37171410,03100,1,4,57074,28395.00,3576918.15
534.24,119.50,2,2,2,1,2,5,6,1,96,3,3,5,100,3,4,330,300,0,0,900,800,0,900,0,0,0,0,0,0,0,0,0,-99.1643305,19.38316380,03100,2,4,96351,39100.00,4672450.00
40.24,111.38,2,2,2,0,2,5,6,2,100,4,120,5,100.00,3,4,2000,2000,2000,2000,2000,2000,2000,2000,2000,2000,2000,2000,2000,2000,2000,2000,2000,99.1634440,19.3869550,03100,2,4,116623,32223.99,3589108.01
70.88,152.17,3,3,3,0,4,4,4,1,95,4,120,4,100.00,3,4,600,400,1000,2000,1000,2000,2000,1000,100,200,1000,1500,2000,1000,1000,1000,1000,99.1758150,19.3712710,03100,2,4,268381,32240.63,5206056.67
18.00,50.85,1,1,1,0,0,4,4,0,99,3,2,4,100,3,4,430,380,0,0,180,180,0,600,0,0,0,0,0,0,0,0,0,-99.1616527,19.37620830,03100,2,4,272927,18600.00,945810.00
20.47,96.29,2,2,2,1,2,5,6,1,100,4,80,5,100.00,3,4,400,1000,2000,2000,1000,1500,1500,1000,1000,500,1500,1500,1500,1500,1500,1500,2000,99.1731800,19.3683500,03100,2,4,275131,31783.4,3060423.59
53.03,158.4,3,3,4,0,1,5,6,1,97,4,100,4,100.00,3,4,250,500,600,600,200,400,400,600,200,200,400,500,500,400,500,300,500,99.1636010,19.3833020,03100,2,4,301460,36513.6,5633754.24
22.61,91.61,2,2,2,0,2,4,4,1,100,4,120,5,100.00,3,4,290,747,1500,900,1400,560,560,406,370,50,194,194,1429,533,348,295,1300,99.1652240,19.3826720,03100,2,4,43505,28026.6,2567516.83
28.65,167.55,3,3,2,0,1,4,4,1,98,4,100,4,100.00,3,4,500,500,500,500,500,500,500,500,500,200,500,500,500,500,500,500,500,99.1702230,19.3939070,03100,2,4,81819,20560.23,3444866.54
169.95,264.71,3,3,4,1,2,4,4,2,98,2,60,5,100.00,3,4,765,350,920,500,900,560,300,600,560,650,800,1200,1500,1300,750,1700,1200,99.1688000,19.3767250,03100,2,3,165696,23196.18,6140260.81
50.00,138.53,3,3,1,1,0,4,4,1,95,3,4,4,100,3,4,1000,200,0,0,0,800,0,1000,0,0,0,0,0,0,0,0,0,-99.2165000,19.54433330,03100,2,4,157367,22000.00,3047660.00
43.01,106.46,2,2,2,1,2,4,4,1,98,4,80,5,100.00,3,4,500,500,1000,2000,2000,1000,1000,1000,500,500,2000,2000,2000,500,500,500,1000,99.1674880,19.3893700,03100,2,4,171858,28542.53,3198637.74
27.16,74.42,2,2,2,0,2,5,6,1,100,4,100,5,100.00,3,4,2000,2000,2000,2000,2000,2000,2000,2000,2000,2000,2000,2000,2000,2000,2000,2000,2000,99.1623722,19.3797194,03100,2,4,184951,39396.86,2931914.32
20,60.51,2,2,1,0,0,4,4,1,90,4,100,5,100.00,3,4,200,250,100,100,450,300,300,850,450,200,200,300,150,150,350,350,350,99.1717370,19.3711780,03100,2,4,209151,18982.76,1148646.81
448,79.33,3,3,1,0,0,4,4,0,100,4,180,6,100.00,4,4,800,500,600,600,600,600,600,500,400,200,1500,1500,1500,400,400,1000,1500,-99.1674211,19.3823881,03100,3,4,248977,17777.78,1410311.29
20.21,74.42,2,2,2,0,2,5,6,1,100,4,100,5,100.00,4,4,2000,2000,2000,2000,2000,2000,2000,2000,2000,100,2000,2000,2000,2000,2000,2000,2000,99.1624000,19.3798500,03100,2,4,267350,43339.92,3225356.85
20.53,88.73,2,2,2,0,2,6,4,2,98,4,125,5,100.00,3,4,1200,1000,850,0,500,1000,1000,0,250,100,0,0,0,850,0,0,0,-99.1696778,19.3687749,03100,3,4,277102,39434.58,3499030.28
82,268.53,3,3,3,0,1,5,4,1,98,4,100,6,100.00,3,4,550,600,500,1000,2000,400,300,1000,600,650,150,1700,1020,400,460,586,619,99.1705917,19.3633389,03100,2,4,296456,19924.2,5350245.43
1797,92,2,2,2,0,2,4,6,1,95,5,400,5,100.00,4,4,430,540,670,840,400,365,365,660,700,200,610,610,940,500,280,690,1010,-99.1631331,19.3976421,03100,3,4,82086,32953.6,3031731.2
583.38,0,0,0,0,0,0,0,0,0,100,4,100,5,100.00,3,4,700,400,500,1800,500,500,500,200,400,350,650,1100,1000,200,200,200,1200,99.1655861,19.3815861,03100,1,1,159497,0,0
23.32,97.56,3,3,2,0,1,4,4,1,100,3,80,4,100.00,4,4,630,320,0,0,0,200,20,0,320,100,634,380,620,200,330,500,450,99.1657111,19.3998306,03100,2,4,185377,20402.62,1990479.61
31.7,103.19,3,3,2,0,2,5,4,1,95,4,60,4,100.00,3,4,1000,400,700,700,1400,1000,1000,800,400,800,800,800,800,1000,800,1200,2000,99.1655000,19.3720361,03100,2,4,211441,23344.22,2410000
17.99,51.18,2,2,1,0,0,4,4,2,95,4,80,4,100.00,3,4,650,850,1500,1500,800,500,500,600,850,10,700,1000,0,400,500,600,600,99.1723250,19.3665250,03100,2,4,243638,15570.6,796903.31
309.80,119.34,3,3,2,1,3,5,4,1,100,4,6,4,100,3,4,600,500,250,250,400,400,400,800,800,150,800,1200,600,800,700,1200,1500,-99.1642111,19.37617220,03100,2,4,297000,35600.00,4248504.00
29.22,111.78,2,2,2,0,2,5,6,1,100,4,100,5,100.00,3,4,700,400,500,1800,500,500,500,200,400,350,650,1100,1000,200,200,200,1200,99.1655861,19.3815861,03100,2,4,159312,37040,4140331.2
411.14,78.49,2,2,2,0,0,5,6,1,100,1,45,0,100.0000,3,4,500,400,0,0,800,500,200,500,400,100,200,1000,0,400,800,1000,200,-99.1630056,19.3970056,03100,2,4,190841,30870,2420000
41,117.7,2,2,2,0,1,4,4,1,100,4,100,5,100.00,4,4,370,400,1300,1300,250,670,670,300,250,200,550,650,1050,400,400,800,1200,99.1769806,19.3701306,03100,2,4,202316,23520,2768304
0.97,12.5,0,0,0,0,1,4,4,1,99,4,100,5,100.00,3,4,660,300,350,350,350,350,350,300,300,150,300,300,1000,15,15,150,700,99.1656520,19.3810610,03100,2,5,213261,12414.3,155178.75
55,122.44,2,2,2,0,2,5,4,2,100,3,80,5,100.00,3,4,578,734,300,2000,2000,250,300,2000,650,650,150,250,450,580,300,500,600,99.1691389,19.3986111,03100,2,4,239482,27767,3399791
20.00,57.46,2,2,1,0,0,4,4,0,100,3,7,4,100,3,4,300,300,500,800,500,300,500,800,400,200,500,500,500,600,400,800,800,-99.1626777,19.39027770,03100,2,4,261375,21200.00,1218152.00
43.83,124.35,3,3,3,0,2,5,6,1,100,3,80,4,90.00,3,4,500,750,2000,2000,750,2000,2000,2000,750,500,500,1000,2000,500,1500,2000,2000,99.1636860,19.3787530,03100,2,4,282403,36218.37,4501470
32.43,117.05,3,3,2,0,2,4,6,1,98,4,60,5,100.00,3,4,500,500,500,500,2000,1000,2000,1000,1000,100,2000,2000,2000,500,500,500,500,99.1638790,19.3883000,03100,2,4,285090,31530.8,3690680.14
112.37,243.12,4,4,4,1,2,5,4,2,100,4,100,4,100.00,3,4,250,200,350,350,200,100,100,350,350,0,560,560,560,150,150,450,450,99.1688590,19.3766300,03100,2,3,287131,26837.37,6525000
16.73,63.03,2,2,2,0,1,4,6,1,100,3,7,4,100,3,4,400,600,0,0,0,550,0,600,0,0,0,0,0,0,0,0,0,-99.1719555,19.38680830,03100,2,4,299290,34100.00,2149323.00
48.96,121.87,3,3,2,1,2,5,6,1,95,2,60,4,100.00,3,4,500,500,0,0,0,500,0,1000,1000,100,1500,1500,1500,1000,1000,1000,1000,99.1720010,19.3894100,03100,2,4,342969,40359.26,5082233.02
224.00,152.00,2,2,2,1,2,4,5,0,100,4,6,5,100,3,4,800,600,500,500,800,400,300,800,400,0,800,1000,500,500,1000,1200,2000,-99.1676638,19.38135270,03100,1,2,29660,27600.00,4589328.00
56.47,122.49,3,3,4,0,2,5,4,2,100,5,120,5,100.00,3,4,2000,2000,2000,2000,2000,2000,2000,2000,2000,2000,2000,2000,2000,2000,2000,2000,2000,99.1614540,19.3842960,03100,2,3,37455,34585.23,5024542.21
47.79,132.40,3,3,2,1,2,4,6,1,100,2,1,3,100,4,4,460,510,1705,0,625,90,90,830,1410,420,390,390,775,35,35,1175,0,99.1665861,19.3775111,03100,2,4,71007,0,0
1609.71,118.08,2,2,2,0,2,5,4,2,100,4,80,5,90.00,3,4,2000,2000,2000,2000,2000,2000,2000,2000,2000,2000,2000,2000,2000,2000,2000,2000,2000,99.1717556,19.3641250,03100,2,4,6016,27812.89,3284146.05
158.76,115.65,2,2,2,1,2,6,6,1,100,4,120,5,100,4,4,257,198,0,0,0,1092,1092,0,229,23,158,606,877,169,595,986,0,-99.1644271,19.3890231,03100,2,4,25393,29310.00,4000815.00
105.5,259.27,4,4,1,2,1,4,4,0,98,4,400,5,100.00,4,4,920,273,0,0,0,230,230,0,1500,0,900,0,493,182,700,0,344,-99.1650081,19.3989000,03100,1,2,104668,15606.83,4046382.81
45.8,106.74,2,2,1,0,2,4,4,2,100,4,80,5,100.00,3,4,200,270,170,170,170,170,170,100,100,430,290,450,1180,170,720,300,630,99.1756740,19.3653710,03100,2,4,138761,20878,2396000
25.39,68.55,2,2,2,0,2,5,6,1,100,5,200,5,100.00,3,4,2000,2000,2000,2000,2000,2000,2000,2000,2000,2000,2000,2000,2000,2000,2000,2000,2000,99.1650930,19.3902490,03100,2,4,143374,38155.37,2691861.35
55.16,166.2,3,3,4,0,2,4,6,2,98,4,60,4,100.00,3,4,100,250,500,500,250,250,250,500,250,100,500,250,500,500,500,500,250,99.1614230,19.3843500,03100,2,3,159820,29194.62,4245189.69
50.84,98.08,1,1,2,0,2,4,4,1,95,3,100,4,100.00,3,4,300,500,300,500,500,500,500,300,500,100,500,800,300,600,600,1000,1200,99.1620380,19.3856230,03100,2,4,163294,35884.71,3519572.36
48.54,119.5,2,2,2,1,2,4,6,1,95,4,80,4,100.00,4,4,220,800,550,900,250,550,900,900,400,0,150,150,900,130,100,150,100,99.1641820,19.3832050,03100,2,4,97793,31867.07,3808114.87
104.36,203.32,3,3,3,1,2,5,4,2,100,4,100,5,100.00,3,4,2000,2000,2000,2000,2000,2000,2000,2000,2000,2000,2000,2000,2000,2000,2000,2000,2000,99.1655770,19.3878420,03100,2,3,117680,29149.65,7352999.21
20.65,72.88,2,2,2,0,2,5,6,1,98,4,120,5,100.00,4,4,252,260,17,17,20,17,17,800,260,200,250,500,629,396,250,315,232,99.1623389,19.3796944,03100,2,4,144947,34997.2,2550595.94
34.24,117.05,2,2,2,0,2,4,5,1,95,4,100,5,100.00,4,4,300,800,100,1100,0,200,200,500,1300,60,900,800,700,600,800,1000,1000,99.1710559,19.3796016,03100,2,4,177049,31061.2,3635713.46
13.68,43.12,1,1,1,0,0,4,4,2,100,4,100,5,100.00,3,4,2000,2000,2000,2000,2000,2000,2000,2000,2000,2000,2000,2000,2000,2000,2000,2000,2000,99.1628750,19.4010222,03100,2,4,183168,25944,1118705.28
231.08,67.77,2,2,1,0,0,4,4,0,100,3,7,4,100,3,4,500,300,500,800,700,500,500,800,400,200,500,500,500,600,400,800,800,-99.1665250,19.37811110,03100,2,4,215248,29750.00,2016157.50
45.7,134,3,3,2,0,1,5,4,1,100,3,80,5,100.00,3,4,967,750,377,1850,2000,300,300,2000,750,650,100,1350,2000,700,250,875,350,99.1665444,19.3966778,03100,2,4,248470,20428.28,2737389.52
53.33,110,2,2,2,0,2,4,4,2,100,4,120,5,100.00,3,4,700,315,80,80,750,80,80,300,250,100,550,550,550,500,660,186,400,99.1636528,19.3789528,03100,2,4,337882,28787.88,3166666.8
50.51,139.31,3,3,4,1,2,4,6,1,95,4,400,5,100.00,4,3,715,10,850,0,0,1000,1000,0,0,100,0,0,0,850,0,0,0,-99.1699780,19.3881380,03100,3,4,340163,34802.73,4848368.32
53.2,113.4,3,3,2,0,3,5,4,1,95,4,100,5,100.00,4,4,700,500,1100,0,0,600,700,500,1100,100,1000,1300,1800,800,500,500,600,99.1666667,19.3834889,03100,2,4,36264,31456.71,3567190.91
3392.13,60.51,1,1,1,0,0,4,4,1,90,4,6,5,100,4,4,42,632,800,800,650,373,373,288,1800,200,332,400,400,283,283,500,500,99.1730167,19.3701917,03100,1,4,40241,0,0
15,59.54,2,2,1,0,1,4,4,2,100,4,80,5,100.00,3,4,200,270,170,170,170,170,170,100,100,430,290,450,1180,170,720,300,630,99.1632590,19.3795700,03100,2,4,56310,24951,1486000
30.45,72.2,3,3,1,0,1,4,4,2,98,4,80,5,100.00,4,4,2000,2000,2000,2000,2000,2000,2000,2000,2000,0,2000,2000,2000,2000,2000,2000,2000,99.1716806,19.3633583,03100,2,4,115407,24363.64,1759054.81
84,217.46,3,3,3,1,2,5,4,2,100,4,80,5,100.00,4,4,200,270,170,170,170,170,170,100,100,430,290,450,1180,170,720,300,630,99.1709790,19.3809820,03100,2,3,32594,27200,5915000
65.14,145.94,2,2,2,2,2,5,6,2,100,4,80,5,100.00,4,4,400,300,400,400,1000,400,400,1000,20,0,1000,1000,1000,200,200,200,2000,99.1635028,19.3869611,03100,2,4,116409,34703,5064556
27.56,112.31,2,2,2,0,2,4,6,1,100,3,40,5,90.00,3,4,500,500,1000,1000,500,500,500,500,1000,200,500,1000,1000,500,500,1000,2000,99.1686840,19.3872550,03100,2,4,285464,34078.39,3829771
53.56,157.8,3,3,4,1,2,5,6,1,100,4,100,5,100.00,4,4,1000,1000,500,2000,1000,500,500,1000,1000,200,2000,1000,1000,500,500,1000,2000,99.1635280,19.3829650,03100,2,4,297681,36576.85,5771826.93
307.80,110.48,3,3,2,1,2,5,4,0,100,3,7,4,100,3,4,900,300,500,800,400,400,500,800,400,200,500,500,500,600,400,800,800,-99.1705555,19.38055550,03100,2,4,293186,28700.00,3330922.00
42,112.67,2,2,2,0,1,4,4,1,95,1,100,0,100.0000,3,4,500,250,900,0,200,650,20,100,700,2,200,250,0,300,200,500,200,-99.1699250,19.3743389,03100,2,4,8344,22730,2740000
20.3,74.6,2,2,2,0,2,5,6,1,95,4,80,4,100.00,3,4,450,250,150,900,600,15,15,1000,250,0,400,300,150,200,200,300,250,99.1624917,19.3795694,03100,2,4,47079,38212.44,2850648.02
61.13,169.62,3,3,2,1,2,5,6,2,95,3,120,5,100.00,4,4,900,1100,950,0,1600,800,880,0,1000,0,1300,750,0,1200,1200,1200,1500,99.1642330,19.3836610,03100,2,3,61866,32068.52,5439462.36
45.8,106.74,2,2,1,0,2,4,4,2,100,4,80,5,100.00,3,4,200,270,170,170,170,170,170,100,100,430,290,450,1180,170,720,300,630,99.1756740,19.3653710,03100,2,4,91097,20878,2396000
17.81,69.87,2,2,2,0,1,5,6,1,98,3,200,5,100.00,4,4,252,260,17,17,20,17,17,800,260,100,250,500,450,396,250,315,232,99.1624060,19.3797300,03100,2,4,110235,34531.21,2412695.64
1188.63,55.71,1,1,1,0,0,4,4,4,96,3,4,5,100,3,4,500,130,0,0,300,140,0,560,0,0,0,0,0,0,0,0,0,-99.1705722,19.39778330,03100,2,4,154481,21140.00,1177709.40
52.57,174.72,3,3,3,1,3,5,6,1,95,4,200,4,100.00,3,4,500,500,500,500,500,1000,500,500,500,200,2000,2000,2000,500,600,1000,1000,99.1639250,19.3777220,03100,2,4,171794,32641.4,5927505.41
162,71.12,2,2,1,0,0,4,4,0,100,1,35,0,100.0000,3,4,300,100,600,0,200,500,200,100,400,100,1500,1500,1300,100,100,400,100,-99.1720778,19.3881778,03100,2,4,220777,18580,1320000
1236.36,82.36,2,2,2,0,2,5,6,1,100,1,35,0,100.0000,3,4,500,500,150,1000,700,100,100,500,300,300,1000,1000,1800,250,250,1500,2000,-99.1698990,19.3881840,03100,2,4,7386,34750,2860000
11.54,36.27,1,1,1,0,0,3,4,2,95,4,100,4,100.00,3,4,1500,200,1500,1500,1500,1500,1500,1500,1500,100,1500,1500,1500,1500,1500,1500,1500,99.1625430,19.4019440,03100,2,4,70399,22886.82,830104.96
970.00,74.84,2,2,1,0,1,4,4,0,98,3,3,4,100,4,4,700,500,800,800,1000,400,600,800,300,150,600,1000,900,600,600,1000,1500,-99.1661169,19.40054470,03100,2,4,74344,26300.00,1968292.00
45,86,3,3,2,0,1,4,4,2,95,4,200,5,100.00,3,4,800,1000,1250,0,1000,1250,800,1600,1500,250,1900,600,0,900,900,900,0,99.1667400,19.3886050,03100,2,4,93055,28387.46,2441321.56
618.00,297.00,3,3,3,1,3,5,4,0,98,3,3,5,100,3,4,200,500,0,0,1000,200,0,300,0,0,0,0,0,0,0,0,0,-99.1727416,19.38034160,03100,2,3,113900,26500.00,7870500.00
51.63,146.31,2,2,2,1,3,5,4,1,97,4,200,4,100.00,3,4,650,1500,0,0,1800,650,0,1850,1500,0,950,500,650,1900,950,1500,1900,99.1680000,19.3866760,03100,2,4,185599,43806.37,6773885.74
37.48,107.11,2,2,2,0,1,5,4,1,80,5,120,4,90.00,3,4,100,250,250,250,250,250,20,200,700,100,700,700,700,250,700,700,700,99.1757410,19.3765460,03100,2,4,217284,26519.1,3049885
579.00,60.84,2,2,1,0,0,4,4,0,98,4,6,5,100,3,4,700,600,0,0,500,100,0,1200,0,0,0,0,0,0,0,0,0,-99.1762361,19.37672500,03100,2,4,24443,33200.00,2019888.00
17.99,51.18,2,2,1,0,0,4,4,2,95,4,80,4,100.00,3,4,650,850,1500,1500,800,500,500,600,850,10,700,1000,0,400,500,600,600,99.1731944,19.3664694,03100,2,4,26908,15570.6,796903.31
21.59,100.49,2,2,2,0,2,5,6,1,98,3,100,4,100.00,3,4,500,500,500,2000,2000,1000,500,500,500,1000,500,1000,2000,500,500,1000,2000,99.1764330,19.3644540,03100,2,4,38267,31339.87,3149343.54
21.44,82.65,2,2,2,0,1,4,4,1,98,4,100,4,100.00,3,4,200,500,500,500,500,500,500,500,200,200,500,100,500,500,500,100,500,99.1728530,19.3719110,03100,2,4,38660,28392.58,2196646.74
800,125.37,3,3,2,1,2,4,4,1,98,4,400,6,100.00,4,4,530,270,0,0,100,410,410,1000,0,0,0,0,0,0,0,0,167,-99.1682921,19.3883221,03100,3,4,68223,27913.49,3499514.24
36.94,64.7,2,2,2,0,1,4,6,1,98,4,120,5,100.00,3,4,1000,500,0,1000,0,1000,1000,1500,500,500,2000,500,0,1500,1500,1500,1500,99.1652330,19.3853350,03100,2,4,62129,37626.1,3660177.93
29.99,69,2,2,1,0,0,4,7,2,100,3,60,5,100.00,3,4,100,100,0,0,500,500,500,400,800,50,600,500,500,800,800,800,800,99.1654410,19.3907290,03100,2,4,87090,20266,1398354
22.27,120.6,3,3,2,0,1,5,4,1,100,4,120,5,100.00,3,4,430,200,500,500,440,400,400,177,177,30,953,500,0,400,722,733,530,99.1687639,19.3899611,03100,2,4,183278,20402,2460481
70,274.6,4,4,4,1,3,5,4,2,95,4,80,5,100.00,4,4,150,350,175,175,350,450,450,350,350,50,1520,350,350,135,185,185,0,99.1672740,19.3921590,03100,2,3,233976,24700,6783000
61,166.2,3,3,3,0,2,4,6,2,98,4,60,4,100.00,4,4,100,250,500,500,250,250,250,500,250,100,500,250,500,500,500,500,250,99.1614810,19.3843710,03100,2,3,22888,26708.08,5006162.52
16.10,85.28,2,2,1,1,1,4,4,1,99,4,1,5,Cuenta con gas natural y vigilancia privada además de los servicios del nivel 3,4,4,540,517,595,1226,595,595,595,640,222,77,180,2100,0,265,425,545,620,-99.1661791,19.3854581,03100,2,4,42285,20791.42,1684437.68
54,153.61,3,3,3,0,1,4,4,2,98,5,100,6,100.00,4,4,1200,700,1200,800,300,300,300,300,700,250,1200,1500,1800,600,800,800,1200,-99.1708388,19.3763472,03100,3,4,81574,24874.02,3820898.21
54.44,125.87,2,2,3,0,2,4,4,1,95,4,80,4,100.00,4,4,150,350,0,950,850,560,560,350,350,30,370,750,750,150,350,350,950,99.1618570,19.3769010,03100,2,4,120590,29900,3764000
890.35,72.85,2,2,2,0,2,4,6,1,100,1,35,0,100.0000,3,4,520,268,115,115,30,30,30,600,295,300,185,500,1800,240,240,280,745,-99.1623630,19.3796840,03100,2,4,154727,35550,2590000
18.23,146.1,3,3,3,0,0,5,4,1,100,3,200,6,100.00,4,4,627,230,307,1458,230,200,200,230,230,20,212,487,750,388,278,368,254,99.1651380,19.3769210,03100,2,4,201453,22293.86,3257000
890.35,76.17,2,2,2,0,2,4,6,0,100,1,35,0,100.0000,3,4,520,268,115,115,30,30,30,600,295,300,185,500,1800,240,240,280,745,-99.1623630,19.3796840,03100,2,4,206625,33670,2560000
43,123.7,3,3,3,0,1,4,4,2,100,4,80,4,100.00,3,4,900,200,500,500,1400,500,500,500,1400,100,200,1800,1800,1000,1000,1600,0,99.1692361,19.3934306,03100,2,4,30001,18835.5,2329951.35
619.60,208.20,3,3,2,1,3,5,5,0,100,2,6,5,100,3,4,500,500,0,0,250,250,0,1000,0,0,0,0,0,0,0,0,0,-99.1639250,19.37910550,03100,2,3,32727,29200.00,6079440.00
31.87,94.8,2,2,2,0,2,4,6,2,100,3,60,5,90.00,3,4,1000,1000,2000,2000,1000,1000,1000,1000,50,50,500,1000,2000,500,1000,1000,2000,99.1643400,19.3863760,03100,2,4,42442,31568.53,2995680
22.52,92,2,2,2,0,2,5,6,1,95,4,100,5,100.00,4,4,700,200,450,0,1100,450,450,800,1100,200,300,1000,1000,700,100,1100,300,99.1634583,19.3977139,03100,2,4,118610,36395.63,3348397.96
42.13,133.79,2,2,2,0,1,4,5,1,98,4,80,5,100.00,3,4,30,100,500,1000,500,20,20,100,500,500,1000,500,1000,100,500,1000,2000,99.1757490,19.3764960,03100,2,4,4761,27610.6,3691261.11
2.12,12,0,0,0,0,1,4,4,1,98,4,200,5,100.00,3,4,500,1000,1000,1000,1000,1000,1000,1500,1000,500,1000,1500,1000,1500,500,1000,0,99.1713480,19.3821180,03100,2,5,65886,12666.67,152000.04
40.08,99.59,3,3,2,0,0,4,4,1,100,3,60,5,100.00,3,4,300,200,1350,1000,600,200,200,0,150,100,600,700,800,150,300,800,200,99.1664111,19.3916361,03100,2,4,85407,25826.28,2572103.79
890.35,74.42,2,2,2,0,2,4,6,1,100,1,35,0,100.0000,3,4,520,268,115,115,30,30,30,600,295,300,185,500,1800,240,240,280,745,-99.1623630,19.3796840,03100,2,4,123293,35490,2641200
890.35,74.42,2,2,2,0,2,4,6,3,99,3,2,5,100,3,4,500,400,0,0,400,200,0,950,0,0,0,0,0,0,0,0,0,-99.1623611,19.37955550,03100,2,4,142950,34000.00,2530280.00
22.07,88.3,2,2,2,0,3,4,4,1,95,4,100,4,100.00,3,4,500,1000,1000,1000,500,500,500,1000,1000,250,2000,2000,2000,500,500,1000,2000,99.1640950,19.3925470,03100,2,4,210893,35183.92,3106740.14
28.18,97.68,3,3,2,0,2,4,6,1,97,4,100,4,100.00,3,4,600,400,800,800,500,500,500,400,600,100,1600,500,1500,600,800,400,1600,99.1694080,19.3927140,03100,2,4,302301,36407.85,3601318.79
32.32,118.99,3,3,2,0,2,4,6,1,98,3,60,5,100.00,4,4,2000,2000,2000,2000,2000,2000,2000,2000,2000,2000,2000,2000,2000,2000,2000,2000,2000,99.1638290,19.3886090,03100,2,4,335552,33779.1,4019000
326.45,150,2,2,3,1,3,5,5,0,95,1,150,0,100.0000,3,4,715,260,670,500,400,590,590,660,900,50,250,1075,1075,500,750,750,750,-99.1705860,19.3912550,03100,2,4,42705,32070,4810000
27.16,74.42,2,2,2,0,2,4,6,1,99,4,140,4,98,4,4,900,275,100,890,250,20,20,0,230,250,1150,1150,0,500,1000,270,0,-99.1625231,19.3795961,03100,2,4,66129,33076.32,2436924.34
47.79,132.40,3,3,2,1,2,4,6,1,100,2,1,3,100,4,4,460,510,1705,0,625,90,90,830,1410,420,390,390,775,35,35,1175,0,99.1665861,19.3775111,03100,2,4,90321,0,0
20.65,72.88,2,2,2,0,2,4,4,1,100,5,200,5,100.00,4,4,140,290,30,30,30,30,30,220,220,300,290,540,1050,120,710,230,240,99.1622570,19.3796890,03100,2,4,121908,34332.73,2502000
32,91,2,2,1,0,0,4,4,2,100,3,200,5,100.00,3,4,195,300,320,850,380,320,320,540,86,100,130,680,980,299,650,650,750,99.1616010,19.3819840,03100,2,4,109925,19577.74,1781574.34
167.03,170,4,4,3,0,2,5,4,2,100,4,100,5,100.00,3,4,1900,600,2000,2000,1100,2000,1100,1500,1100,500,1000,650,0,1500,850,1200,1500,99.1678778,19.3875583,03100,2,4,175278,22272.03,3786245.1
281.40,193.65,3,3,3,1,2,5,6,1,98,3,3,4,100,3,4,400,500,0,0,1500,500,0,200,0,0,0,0,0,0,0,0,0,-99.1650750,19.38537500,03100,2,4,241812,34100.00,6603465.00
57.42,171.34,4,4,3,1,1,4,4,2,100,4,120,5,100.00,3,4,2000,2000,2000,2000,2000,2000,2000,2000,2000,2000,2000,2000,2000,2000,2000,2000,2000,99.1709583,19.3825472,03100,2,3,140332,20472.54,4060523.58
3001.80,67.80,3,3,1,0,1,4,4,0,100,4,6,4,100,3,4,700,200,0,0,1000,200,0,200,0,0,0,0,0,0,0,0,0,-99.1639697,19.39868080,03100,2,4,218204,28300.00,1918740.00
1813.00,80.05,2,2,2,0,2,4,4,1,100,4,5,4,100,4,4,800,1200,0,0,0,1600,0,1660,0,0,0,0,0,0,0,0,0,99.1615917,19.3930500,03100,2,4,324303,0,0
14.95,49.00,1,1,1,0,0,4,4,1,95,5,435,5,80,3,4,139,76,150,200,200,150,150,200,165,100,68,144,129,256,301,234,377,-99.1752411,19.3739891,03100,2,4,329068,29200.00,1430800.00
28.46,78.73,2,2,2,0,1,4,4,2,95,4,100,4,100.00,4,4,50,200,100,100,0,100,100,100,100,80,100,150,200,300,300,2000,0,99.1736151,19.3715781,03100,2,4,53987,21594.48,1700133.41
48,126.59,3,3,2,0,2,5,4,1,95,3,80,5,100.00,3,4,800,1000,350,0,1300,300,300,900,950,150,0,1600,1750,950,950,950,1550,99.1636160,19.3792820,03100,2,4,230893,31788.58,4024116.34
51.76,154.77,3,3,3,0,2,5,6,1,95,4,200,4,100.00,3,4,2000,550,2000,2000,2000,2000,2000,500,2000,100,2000,2000,2000,2000,2000,2000,200,99.1693270,19.3957061,03100,2,4,293815,33998.88,5326256.66
136.21,238.02,4,4,2,1,3,5,4,2,100,5,120,5,100.00,3,4,2000,2000,2000,2000,2000,2000,2000,2000,2000,2000,2000,2000,2000,2000,2000,2000,2000,99.1657010,19.3987130,03100,1,2,37011,18590.16,6774068.4
23,74.56,2,2,1,0,0,4,4,2,100,3,60,4,100.00,3,4,76,354,1698,1698,1871,197,197,274,354,300,479,668,486,716,1234,1251,401,99.1754660,19.3748450,03100,2,4,58690,21103.88,1573505.29
47.97,132.31,2,2,3,0,3,5,6,1,100,5,200,5,100.00,3,4,2000,2000,2000,2000,2000,2000,2000,2000,2000,2000,2000,2000,2000,2000,2000,2000,2000,99.1698750,19.3881150,03100,2,4,62641,31849.89,4214058.95
28.74,84.02,1,1,1,1,1,5,6,2,98,3,80,5,100.00,4,4,635,870,900,361,394,300,300,68,68,100,0,1914,667,155,168,686,304,99.1634350,19.3869360,03100,2,4,63503,33231.21,2792000
890.35,72.85,2,2,2,0,2,4,6,1,100,1,35,0,100.0000,3,4,520,268,115,115,30,30,30,600,295,300,185,500,1800,240,240,280,745,-99.1623630,19.3796840,03100,2,4,121302,35550,2590000
890.35,71.07,2,2,2,0,2,4,6,1,100,1,35,0,100.0000,3,4,520,268,115,115,30,30,30,600,295,300,185,500,1800,240,240,280,745,-99.1623630,19.3796840,03100,2,4,108659,39320,2794500
233.34,257.89,4,4,2,2,2,5,4,2,100,4,60,5,100.00,3,4,200,270,170,170,170,170,170,100,100,430,290,450,1180,170,720,300,630,99.1666120,19.3921870,03100,1,2,156691,27041,6974000
26.86,75.81,2,2,1,0,1,4,4,1,95,4,80,4,100.00,3,4,150,350,0,950,850,560,560,350,350,30,370,750,750,150,350,350,950,99.1683060,19.3722190,03100,2,4,237543,30900,2343000
36.84,130,3,3,2,0,1,5,5,1,100,3,40,4,90.00,3,4,500,500,1000,1000,500,500,500,500,500,200,500,500,1000,500,500,1000,2000,99.1699100,19.3833290,03100,2,4,290346,24440.33,3172000
28.45,130.16,2,2,2,1,2,4,4,1,99,4,62,4,98,3,4,690,340,200,700,480,180,180,1485,200,500,630,690,900,490,750,300,850,-99.1647501,19.3776831,03100,2,4,318683,25931.62,3375259.66
34.24,97.68,2,2,2,0,1,5,4,2,98,3,60,5,100.00,4,4,270,460,380,872,350,300,300,383,450,140,200,280,300,480,490,180,80,99.1624720,19.3930000,03100,2,4,330316,23820.63,2269629.63
42,112.68,2,2,2,0,1,4,7,1,100,3,60,6,100.00,3,4,443,394,56,56,394,506,506,517,394,30,84,84,83,155,168,31175,427,99.1701400,19.3744840,03100,2,4,36243,25719.18,3100000
1236.36,82.36,2,2,2,0,2,5,6,1,100,1,35,0,100.0000,3,4,500,500,150,1000,700,100,100,500,300,300,1000,1000,1800,250,250,1500,2000,-99.1698990,19.3881840,03100,2,4,52822,38270,3150000
47.97,132.31,2,2,3,0,3,5,6,1,100,5,200,5,100.00,3,4,2000,2000,2000,2000,2000,2000,2000,2000,2000,2000,2000,2000,2000,2000,2000,2000,2000,99.1698750,19.3881150,03100,2,4,108025,34192.88,4524059.95
126.8,233.49,3,3,2,1,3,5,4,2,60,3,100,4,90.00,3,4,500,500,500,500,500,200,200,500,500,200,500,1000,2000,500,500,500,1000,99.1652970,19.3786150,03100,2,3,214197,26547.42,6187485
176.1,209.16,2,2,3,1,3,4,4,2,98,3,80,4,100.00,3,4,215,83,221,428,192,177,266,0,58,105,789,765,722,375,437,489,540,99.1696250,19.3796583,03100,2,3,253338,28366,5933032.56
31.76,69.94,2,2,1,0,0,4,4,0,99,4,120,4,98,3,4,67,393,1530,1530,503,503,503,316,1030,500,1220,910,0,92,923,426,263,-99.1548801,19.3889801,03100,2,4,259156,21453.58,1350417.05
43.98,132,3,3,3,0,2,5,6,1,100,4,120,4,100.00,3,4,2000,2000,2000,2000,2000,2000,2000,2000,2000,2000,2000,2000,2000,2000,2000,2000,2000,99.1706470,19.3892250,03100,2,4,269548,33167.8,4510820.8
42.14,125.78,2,2,2,1,2,4,4,1,95,4,80,4,100.00,3,4,300,300,300,500,300,300,300,300,500,150,300,500,800,300,300,500,800,99.1631890,19.3993470,03100,2,4,115500,29727.21,3739088.47
43,122.8,3,3,2,0,0,4,4,2,100,4,60,5,100.00,3,4,200,270,170,170,170,170,170,100,100,430,290,450,1180,170,720,300,630,99.1706430,19.3942280,03100,2,4,108869,21955,2696000
42.95,118.46,3,3,2,0,2,4,6,1,98,4,80,4,100.00,3,4,500,200,1000,1000,500,1000,1000,1000,500,50,1000,1000,1000,500,500,1500,1500,99.1700560,19.3883150,03100,2,4,204070,33633.11,3984178.21
38.52,128.6,3,3,1,1,1,5,5,1,99,4,100,5,100.00,3,4,500,200,500,500,150,150,150,300,300,200,250,500,500,500,500,1000,500,99.1682430,19.3693230,03100,2,4,213037,22376.59,3045453.9
332.31,119.32,3,3,2,1,2,4,5,1,100,1,35,0,100.0000,3,4,500,500,150,1000,700,100,100,500,300,300,1000,1000,1800,250,250,1500,2000,-99.1659810,19.3787960,03100,2,4,337124,30490,3640000
2600,75,2,2,1,0,1,4,4,2,98,4,80,5,100.00,4,4,500,600,1200,1200,1280,800,900,600,1000,0,2000,900,900,80,270,550,500,99.1730056,19.3866667,03100,2,4,14290,23110.99,1733324.25
1236.36,82.36,2,2,2,0,2,5,6,1,100,1,35,0,100.0000,3,4,500,500,150,1000,700,100,100,500,300,300,1000,1000,1800,250,250,1500,2000,-99.1698990,19.3881840,03100,2,4,44091,38270,3150000
42.93,120.87,3,3,2,1,2,4,4,1,95,4,100,5,100.00,3,4,400,300,500,800,300,200,300,300,500,200,300,400,250,100,300,800,1000,99.1687590,19.3686990,03100,2,4,145920,30609.54,3712854.1
566.55,96.29,2,2,2,1,2,5,5,2,100,4,6,4,100,4,4,200,500,250,250,400,400,400,800,800,150,800,1200,600,800,700,1200,1500,-99.1733033,19.36825660,03100,2,4,158411,34700.00,3341263.00
18.07,71.07,2,2,2,0,1,5,6,1,100,4,100,5,100.00,4,4,2000,2000,2000,2000,2000,2000,2000,2000,2000,100,2000,2000,2000,2000,2000,2000,2000,99.1623917,19.3797694,03100,2,4,175700,40540.51,2881214.05
22.27,120.6,3,3,2,0,1,5,4,1,100,4,120,5,100.00,3,4,430,200,500,500,440,400,400,177,177,30,953,500,0,400,722,733,530,99.1687639,19.3899611,03100,2,4,235974,25834,3115580
1932.40,89.73,3,3,2,0,2,4,4,1,100,4,6,4,100,3,4,100,100,0,0,1000,100,0,300,0,0,0,0,0,0,0,0,0,-99.1703197,19.36911130,03100,2,4,259587,34500.00,3095685.00
56.47,122.49,3,3,4,0,2,5,4,2,100,5,120,5,100.00,3,4,2000,2000,2000,2000,2000,2000,2000,2000,2000,2000,2000,2000,2000,2000,2000,2000,2000,99.1614540,19.3842960,03100,2,3,22999,34585.23,5024542.21
19.41,70.84,2,2,2,0,2,4,6,1,99,4,1,4,Cuenta con gas natural y vigilancia privada además de los servicios del nivel 3,4,4,900,275,100,890,250,20,20,0,230,250,1150,1150,0,500,1000,270,0,-99.1625231,19.3795961,03100,2,4,31582,32147.00,2254520.55
20.59,71.5,3,3,2,0,1,4,4,2,95,4,100,4,100.00,3,4,1500,100,1500,1500,1500,1500,1500,1500,1500,50,1500,1500,1500,1500,1500,1500,1500,99.1769210,19.3740010,03100,2,4,91144,30080,2150720
48.54,119.5,2,2,2,1,2,4,6,1,95,4,80,4,100.00,4,4,220,800,550,900,250,550,900,900,400,0,150,150,900,130,100,150,100,99.1641820,19.3832050,03100,2,4,127642,31867.07,3808114.87
26,74.68,3,3,2,0,0,4,4,2,100,3,200,5,100.00,3,4,35,320,208,208,335,197,197,540,335,120,450,650,410,45,450,450,450,99.1740370,19.3753200,03100,2,4,158217,20827.38,1988181.69
28,81.5,2,2,1,0,0,4,4,2,100,4,100,4,100.00,3,4,138,196,0,0,0,1405,830,0,9,90,0,415,400,289,340,340,221,99.1693450,19.3918190,03100,2,4,164620,20400,1663000
53.00,144.84,4,4,2,0,0,4,4,2,100,5,100,0,100,3,4,350,300,200,300,800,500,500,800,800,600,300,1200,800,400,500,600,0,-99.1679444,19.3979028,03100,2,4,177824,19840.00,3052000.00
42,140,3,3,3,0,1,4,4,1,100,4,80,3,100.00,4,4,600,600,600,600,1200,800,800,800,800,600,500,600,800,400,500,800,800,99.1715194,19.3892472,03100,2,4,215411,20215.95,2830233
23.7,167.9,3,3,3,0,1,4,4,1,98,4,80,5,90.00,2,4,1000,500,2000,2000,1000,100,1000,2000,1000,100,2000,2000,2000,500,2000,500,500,99.1607080,19.3792450,03100,2,4,257447,21901.2,3677211.48
22.51,116.86,2,2,3,0,1,4,5,1,98,4,80,5,100.00,3,4,1000,500,2000,2000,2000,1000,2000,1000,1000,100,2000,2000,2000,500,500,500,500,99.1707110,19.3935600,03100,2,4,264357,24598.49,2893595.72
28.00,77.20,2,2,1,1,1,4,4,1,100,2,6,4,100,3,4,800,1000,0,0,1200,800,0,800,0,0,0,0,0,0,0,0,0,-99.1637277,19.37924720,03100,2,4,275069,25300.00,1953160.00
47,135.85,2,2,2,0,1,5,4,1,100,3,60,4,100.00,3,4,812,300,293,1000,400,180,180,184,184,100,700,700,1500,331,360,650,464,99.1647620,19.3773220,03100,2,4,316014,28801.02,3912618.57
13280,201.34,3,3,5,1,3,5,4,2,100,4,80,5,100.00,4,4,200,270,170,170,170,170,170,100,100,430,290,450,1180,170,720,300,630,99.1618080,19.3807970,03100,2,3,14229,25100,5771000
29.99,69,2,2,1,0,0,4,7,2,100,3,60,5,100.00,3,4,100,100,0,0,500,500,500,400,800,50,600,500,500,800,800,800,800,99.1654410,19.3907290,03100,2,4,90104,20266,1398354
31.37,96.32,1,1,1,1,2,5,5,1,95,4,60,4,100.00,3,4,400,800,400,400,1000,800,800,800,300,800,400,1400,1400,800,800,1200,2000,99.1613639,19.3855750,03100,2,4,111629,32663.36,3150000
247.5,185.35,3,3,3,1,2,4,6,1,100,1,35,0,100.0000,3,4,380,300,350,0,330,330,330,330,650,300,500,835,0,500,260,415,0,-99.1689360,19.3811530,03100,2,4,132543,35780,6632000
51.29,84.97,2,2,1,1,1,4,6,2,98,3,80,5,100.00,4,4,520,500,600,600,20,600,300,800,1500,150,500,845,1000,250,350,700,500,99.1661722,19.3853333,03100,2,4,247251,33464.02,2843437.78
501.55,106.50,2,2,2,1,2,5,4,1,100,3,115,3,99.999996,3,4,0,0,0,0,0,0,0,0,0,0,0,0,0,0,0,0,0,99.1642700,19.3923100,03100,2,4,291939,0.00,0.00
34.75,112.52,2,2,2,0,2,5,6,1,95,4,80,4,100.00,3,4,2000,550,2000,2000,2000,2000,2000,500,2000,100,2000,2000,2000,2000,2000,2000,200,99.1695430,19.3957500,03100,2,4,292325,33998.88,3852223.98
39.51,96.33,2,2,2,1,2,5,6,1,100,4,165,5,100,4,4,684,364,539,539,1836,601,601,0,801,83,390,1169,399,653,175,1166,0,-99.1699771,19.3843121,03100,2,4,305501,42750.00,4118107.50
562.40,144.52,4,4,3,0,2,5,6,1,98,3,2,4,100,3,4,974,256,0,0,1400,926,0,927,0,0,0,0,0,0,0,0,0,-99.1679840,19.38672280,03100,2,4,311166,44160.00,6382003.20
70.85,144.06,3,3,3,1,2,5,4,2,80,3,80,5,90.00,3,4,500,500,500,500,500,500,500,800,500,500,500,1000,2000,500,500,1000,2000,99.1615370,19.3842970,03100,2,4,101935,28567.57,4120116
1042.5,101,3,3,2,0,2,6,6,1,95,5,100,5,100.00,4,4,245,360,250,1250,350,295,295,945,570,200,610,375,375,160,160,420,1100,-99.1715771,19.3687841,03100,3,4,129151,35630.67,3598697.67
50,127.13,2,2,2,0,1,4,4,2,100,4,80,5,100.00,3,4,400,800,1000,600,0,500,500,800,500,200,800,800,0,800,800,600,600,99.1678194,19.3804083,03100,2,4,149581,19128.76,2431839.26
20.3,74.6,2,2,2,0,2,5,6,1,100,4,100,5,100.00,4,4,2000,2000,2000,2000,2000,2000,2000,2000,2000,100,2000,2000,2000,2000,2000,2000,2000,99.1623778,19.3798444,03100,2,4,174737,38745.06,2890381.48
19,54.87,1,1,1,0,1,4,4,1,100,4,100,5,100.00,3,4,620,50,560,560,360,360,360,100,190,440,150,360,630,70,350,740,400,99.1685260,19.3670790,03100,2,4,208176,27491,1508000
636.00,190.24,3,3,4,1,3,5,4,1,100,3,2,5,100,3,4,500,600,600,600,800,600,600,800,600,10,600,600,600,500,600,600,800,-99.1753828,19.36702180,03100,2,4,213657,32650.00,6211336.00
48.97,115.08,2,2,2,0,2,5,4,1,100,4,120,5,100.00,3,4,430,200,500,500,440,400,400,177,177,30,953,500,0,400,722,733,530,99.1679470,19.3902690,03100,2,4,246609,30847,3549873
60.19,116.52,3,3,2,0,2,5,6,1,100,3,80,4,90.00,3,4,500,750,2000,2000,750,2000,2000,2000,750,500,500,1000,2000,500,1500,2000,2000,99.1636860,19.3787530,03100,2,4,290455,38022.87,4427760
18.1,71.31,2,2,2,0,1,4,6,1,98,4,200,5,100.00,3,4,500,600,700,800,700,800,700,600,600,300,800,500,300,300,300,600,1200,99.1679160,19.3871410,03100,2,4,45066,33582.99,2394803.02
13.01,67.96,2,2,1,0,1,4,4,1,95,4,80,4,100.00,4,4,150,350,0,950,850,560,560,350,350,30,370,750,750,150,350,350,950,99.1694090,19.3777250,03100,2,4,93065,28000,1903000
28.49,72.85,2,2,2,0,2,4,4,1,98,4,100,5,100.00,4,4,140,290,30,30,30,30,30,220,220,300,290,540,1050,120,710,230,240,99.1623640,19.3796790,03100,2,4,103018,34290.75,2498000
94.00,105.65,2,2,3,0,2,5,4,0,100,4,6,4,100,3,4,400,500,250,250,400,400,400,800,800,150,800,1200,600,800,700,1200,1500,-99.1701138,19.37521940,03100,2,4,110022,26800.00,2831420.00
32.83,101,3,3,2,0,2,6,6,1,95,5,100,5,100.00,4,4,760,1000,400,400,850,700,700,1050,430,200,240,240,1200,795,20,480,820,-99.1715771,19.3687841,03100,3,4,192949,35630.67,3598697.67
33.34,75.5,3,3,1,0,1,4,4,2,100,3,80,5,100.00,4,4,420,170,0,1500,0,175,890,1560,990,80,272,572,0,180,360,200,660,99.1716050,19.3632260,03100,2,4,234234,17500,1321250
32.14,73.05,2,2,2,0,2,4,4,1,95,4,80,5,100.00,3,4,250,1100,300,300,0,300,300,700,50,200,200,500,500,200,250,600,400,99.1690556,19.3794167,03100,2,4,303223,33155.39,2422001.24
18,96.15,2,2,2,0,0,4,4,1,100,1,35,0,100.0000,3,4,260,600,150,1100,700,300,100,600,800,300,900,800,1500,400,300,700,700,-99.1675694,19.3912056,03100,2,4,7731,18020,1730000
1.77,0.45,0,0,0,0,1,4,4,1,98,4,200,5,100.00,3,4,500,1000,1000,1000,1000,1000,1000,1500,1000,500,1000,1500,1000,1500,500,1000,0,99.1713480,19.3821180,03100,2,5,67756,12666.67,152000.04
27.31,84,2,2,2,0,2,5,6,1,100,4,100,5,100.00,4,4,2000,2000,2000,2000,2000,2000,2000,2000,2000,100,2000,2000,2000,2000,2000,2000,2000,99.1716080,19.3688120,03100,2,4,185169,42197.2,3544564.8
47.31,146.93,3,3,4,0,2,4,6,1,95,4,80,4,100.00,3,4,150,350,0,950,850,560,560,350,350,30,370,750,750,150,350,350,950,99.1637140,19.3788510,03100,2,4,285410,35847,5267000
32.32,118.99,3,3,2,0,2,5,6,1,100,4,120,4,100.00,3,4,2000,2000,2000,2000,2000,2000,2000,2000,2000,2000,2000,2000,2000,2000,2000,2000,2000,99.1639820,19.3884420,03100,2,4,288165,34410.1,4094457.8
336,220.21,4,4,5,0,2,4,3,1,98,4,400,4,100.00,4,4,370,120,230,0,0,230,230,0,0,0,460,460,460,0,0,193,239,-99.1721191,19.3624941,03100,3,4,22437,19736.79,4346238.53
47.15,228.62,3,3,2,1,0,4,4,1,98,4,200,5,100.00,3,4,500,1000,1000,1000,1000,1000,1000,1500,1000,500,1000,1500,1000,1500,500,1000,0,99.1713140,19.3820760,03100,2,4,64728,19431.82,4245060.25
28.8,106,3,3,2,1,1,4,4,1,95,5,200,5,100.00,4,4,600,600,450,0,700,500,850,980,900,100,900,1000,0,800,800,800,1600,99.1642290,19.3946160,03100,2,4,72937,30576.64,3241000
55.88,190.76,2,2,3,0,2,5,4,1,100,4,100,5,100.00,3,4,100,150,1800,2000,1100,100,100,350,900,70,1100,2000,550,150,350,1500,1800,99.1763950,19.3746480,03100,2,4,79689,23670,4515289.2
95.66,242,3,3,4,1,3,5,6,2,100,4,80,5,90.00,3,4,400,900,350,0,350,350,100,1500,450,80,950,500,900,350,350,900,900,99.1720500,19.3821300,03100,2,3,102740,30551.61,7405200
41,140.65,2,2,3,0,1,4,4,1,95,4,80,4,100.00,4,4,150,350,0,950,850,560,560,350,350,30,370,750,750,150,350,350,950,99.1703950,19.3682190,03100,2,4,125185,23400,3677000
30.29,115.9,2,2,2,0,2,5,6,1,100,4,100,5,100.00,3,4,700,400,500,1800,500,500,500,200,400,350,650,1100,1000,200,200,200,1200,99.1655861,19.3815861,03100,2,4,160541,36920,4279028
890.35,72.88,2,2,2,0,2,4,6,0,100,1,35,0,100.0000,3,4,520,268,115,115,30,30,30,600,295,300,185,500,0,240,240,280,745,-99.1623630,19.3796840,03100,2,4,59780,35550,2590000
890.35,71.07,2,2,2,0,2,4,6,0,100,1,35,0,100.0000,3,4,520,268,115,115,30,30,30,600,295,300,185,500,0,240,240,280,745,-99.1623630,19.3796840,03100,2,4,64014,35770,2540000
25.39,68.55,2,2,2,0,2,5,6,1,100,5,200,5,100.00,3,4,2000,2000,2000,2000,2000,2000,2000,2000,2000,2000,2000,2000,2000,2000,2000,2000,2000,99.1650930,19.3902490,03100,2,4,117012,38155.37,2691861.35
365.58,131.48,3,3,2,0,1,5,4,1,100,4,6,4,100,3,4,400,500,250,250,400,400,400,800,800,150,800,1200,600,800,700,1200,1500,-99.1688888,19.37972220,03100,2,4,202042,21100.00,2774228.00
22.27,120.6,3,3,2,0,1,5,4,1,100,4,120,5,100.00,3,4,430,200,500,500,440,400,400,177,177,30,953,500,0,400,722,733,530,99.1687639,19.3899611,03100,2,4,221480,25834,3115580
32.2,95,2,2,2,0,2,4,6,2,95,5,100,4,100.00,3,4,435,40,1200,1200,785,785,785,1200,35,300,800,1200,2000,185,185,185,1215,99.1644090,19.3863740,03100,2,4,274398,32658.58,3102565.1
28.39,120,2,2,2,0,2,5,4,1,100,4,120,5,100.00,3,4,2000,2000,2000,2000,2000,2000,2000,2000,2000,2000,2000,2000,2000,2000,2000,2000,2000,99.1683880,19.3687630,03100,2,4,288464,30421.38,3650565.6
43,150.2,2,2,3,0,2,5,4,1,95,1,150,0,100.0000,3,4,225,500,800,800,2000,800,65,600,1000,50,350,690,1140,400,400,400,630,-99.1603370,19.3854470,03100,2,4,110684,25710,3860000
890.35,76.17,2,2,2,0,2,4,6,0,100,1,35,0,100.0000,3,4,520,268,115,115,30,30,30,600,295,300,185,500,1800,240,240,280,745,-99.1623630,19.3796840,03100,2,4,124330,33670,2560000
28.49,72.85,2,2,2,0,2,4,4,1,98,4,100,5,100.00,4,4,140,290,30,30,30,30,30,220,220,300,290,540,1050,120,710,230,240,99.1623640,19.3796790,03100,2,4,146651,37950,2765000
27.96,86,2,2,2,0,2,5,6,1,98,4,100,4,100.00,3,4,200,300,1000,1000,1000,300,300,500,500,500,300,300,300,500,500,500,1000,99.1715770,19.3687880,03100,2,4,108770,35204.73,2997606.78
65.42,249.77,3,3,3,1,2,4,4,2,98,4,100,5,100.00,4,4,140,290,30,30,30,30,30,220,220,300,290,540,1050,120,710,230,240,99.1765860,19.3665210,03100,2,4,170324,30060.82,7508000
36.84,130,3,3,2,0,1,4,5,1,100,3,40,4,90.00,3,4,500,500,1000,1000,500,500,500,500,500,200,500,500,1000,500,500,1000,2000,99.1699100,19.3833290,03100,2,4,213634,24440.33,3172000
44.71,109.33,2,2,2,0,0,5,6,1,95,4,80,4,100.00,3,4,2000,550,2000,2000,2000,2000,2000,500,2000,100,2000,2000,2000,2000,2000,2000,200,99.1695370,19.3957660,03100,2,4,248335,34506.29,3599388.69
27,72.52,2,2,1,1,0,4,4,1,90,4,80,4,100.00,3,4,400,400,1000,0,1200,1000,1000,2000,150,500,1900,900,150,150,150,150,250,99.1630470,19.3873130,03100,2,4,268427,23275.83,1687963.19
46.5,167.85,3,3,3,1,2,5,6,1,98,4,100,4,100.00,3,4,500,500,100,500,500,100,100,500,500,50,1000,1000,1000,500,500,1500,1500,99.1636670,19.3788060,03100,2,4,275276,35974.44,6038309.75
764.20,129.11,2,2,2,1,2,5,5,1,99,3,2,4,100,3,4,500,400,1200,1200,400,200,500,950,400,0,800,0,0,600,900,1800,0,-99.1666944,19.38216660,03100,2,4,275877,38700.00,4996557.00
675.00,103.46,3,3,2,0,2,4,4,1,100,3,4,4,100,3,4,600,1100,0,0,1100,100,0,800,0,0,0,0,0,0,0,0,0,-99.1602486,19.39782360,03100,2,4,278619,31900.00,3300374.00
44.71,109.33,2,2,2,0,2,5,6,1,95,4,80,4,100.00,3,4,2000,550,2000,2000,2000,2000,2000,500,2000,100,2000,2000,2000,2000,2000,2000,200,99.1695370,19.3957660,03100,2,4,284603,33998.88,3903913.55
33.69,93.03,2,2,2,0,2,5,4,1,97,4,100,4,100.00,3,4,600,200,900,900,600,800,800,700,500,200,600,500,700,500,600,800,400,99.1694170,19.3877370,03100,2,4,310181,30236.77,2812926.71
20.94,76.17,2,2,2,0,2,5,6,1,80,5,120,4,90.00,3,4,1000,200,10,500,500,10,10,1000,200,100,500,500,500,800,800,800,0,99.1624300,19.3796140,03100,2,4,155241,33311.51,2536461
59.00,168.00,3,3,3,0,2,5,4,2,100,3,7,4,100,3,4,700,300,500,800,700,500,500,800,400,200,500,500,500,600,400,800,800,-99.1660902,19.37167330,03100,2,4,159860,21400.00,3595200.00
250.7,363.41,4,4,3,1,3,4,5,2,97,4,200,4,100.00,3,4,650,1500,0,0,1800,650,0,1850,1500,0,950,500,650,1900,950,1500,1900,99.1719940,19.3856450,03100,1,2,167590,18373.75,9974006.45
45.7,136,2,2,2,0,2,5,6,1,100,3,80,4,90.00,3,4,500,750,2000,2000,750,2000,2000,2000,750,500,500,1000,2000,500,1500,2000,2000,99.1624990,19.3994060,03100,2,4,181554,33633.22,4569600
120.7,184.38,4,4,2,0,1,4,4,2,98,4,80,5,100.00,3,4,2000,2000,2000,2000,2000,2000,2000,2000,2000,0,2000,2000,2000,2000,2000,2000,2000,99.1703550,19.3821900,03100,1,2,333694,21636.04,3989253.06
65.42,249.77,3,3,3,1,2,4,4,2,98,4,100,5,100.00,4,4,140,290,30,30,30,30,30,220,220,300,290,540,1050,120,710,230,240,99.1765860,19.3665210,03100,2,4,150619,30060.82,7508000
48.99,162.16,3,3,3,4,2,4,7,1,97,4,200,4,100.00,3,4,650,1500,0,0,1800,650,0,1850,1500,0,950,500,650,1900,950,1500,1900,99.1701640,19.3842320,03100,2,4,163285,20204.89,4594165.16
133,293.83,3,3,4,1,2,5,4,2,98,4,60,5,100.00,3,4,1000,500,1000,2000,2000,1000,500,2000,1000,500,2000,2000,2000,500,500,500,1500,99.1688700,19.3858210,03100,1,2,273881,23576.55,8019563.48
338.25,189.22,3,3,4,1,1,5,6,0,100,4,33,5,100,4,4,685,434,678,678,1208,695,695,0,171,90,90,76,202,237,146,1213,0,-99.1671991,19.3840621,03100,2,3,27597,29490.00,5580097.80
22.9,81.4,2,2,2,0,1,4,4,1,100,3,120,6,100.00,4,4,357,300,168,168,150,344,344,500,132,100,356,583,1200,483,325,356,740,99.1634010,19.3876510,03100,2,4,24449,33947.32,2763000
677.16,112.31,3,3,2,0,2,5,6,1,100,3,2,4,100,3,4,500,400,1200,1200,400,200,500,950,400,0,800,0,0,600,900,1800,0,-99.1686666,19.38722220,03100,2,4,195557,34700.00,3897157.00
62.51,151.67,3,3,3,2,2,5,4,2,100,5,120,5,100.00,3,4,2000,2000,2000,2000,2000,2000,2000,2000,2000,2000,2000,2000,2000,2000,2000,2000,2000,99.1641760,19.3837480,03100,2,3,220359,32663.41,5336221.29
461.05,156.74,3,3,3,0,1,4,4,2,100,4,6,4,100,3,4,800,400,0,0,300,250,0,200,0,0,0,0,0,0,0,0,0,-99.1702250,19.39460000,03100,2,4,253854,22300.00,3495302.00
31,77.98,2,2,1,0,1,4,4,2,98,4,100,4,100.00,3,4,294,83,421,222,524,305,547,80,228,39,122,100,0,128,238,678,193,99.1645250,19.3764889,03100,2,4,326645,24224.1,1888995.32
32.32,118.99,3,3,2,0,2,4,6,1,98,3,60,5,100.00,4,4,2000,2000,2000,2000,2000,2000,2000,2000,2000,2000,2000,2000,2000,2000,2000,2000,2000,99.1640240,19.3881380,03100,2,4,330269,33779.1,4019000
15.05,96.85,3,3,1,0,0,4,4,1,95,4,80,4,100.00,4,4,150,350,0,950,850,560,560,350,350,30,370,750,750,150,350,350,950,99.1671290,19.3929970,03100,2,4,43535,24800,2402000
40.82,235.16,3,3,3,1,0,5,5,1,99,4,100,5,100.00,3,4,660,300,350,350,350,350,350,300,300,150,300,300,1000,15,15,150,700,99.1656520,19.3810610,03100,2,4,213325,19759.9,4705543.44
282.50,112.65,2,2,2,0,1,4,4,1,100,4,6,4,100,3,4,300,200,0,0,1000,100,0,600,0,0,0,0,0,0,0,0,0,-99.1758836,19.37769190,03100,2,4,221662,26000.00,2928900.00
677.16,116.04,3,3,2,0,2,5,6,1,100,1,35,0,100.0000,3,4,200,100,520,800,200,150,150,100,70,10,200,1100,900,100,100,620,800,-99.1685520,19.3871210,03100,2,4,178820,37590,4360000
1195.00,55.71,1,1,1,0,1,4,4,2,100,3,7,4,100,3,4,1000,100,0,0,500,500,0,1000,0,0,0,0,0,0,0,0,0,-99.1710000,19.39776660,03100,2,4,282430,19733.00,1099325.43
41.13,123,2,2,2,0,0,5,4,2,98,4,100,5,100.00,3,4,500,350,650,650,250,650,250,350,350,50,250,250,2000,350,350,1000,1000,99.1667950,19.3849360,03100,2,4,171665,20764.63,2554049.49
41,117.7,2,2,2,0,1,4,4,1,100,4,100,5,100.00,4,4,370,400,1300,1300,250,670,670,300,250,200,550,650,1050,400,400,800,1200,99.1769806,19.3701306,03100,2,4,206819,23520,2768304
233.21,337.19,4,4,3,2,2,5,4,2,97,4,200,4,100.00,3,4,650,1500,0,0,1800,650,0,1850,1500,0,950,500,650,369,369,600,1900,99.1704410,19.3827670,03100,2,3,220366,24010.85,8457274.03
17.83,42.76,2,2,1,0,0,4,4,2,100,4,100,4,100.00,3,4,2000,2000,2000,2000,2000,2000,2000,2000,2000,2000,2000,2000,2000,2000,2000,2000,2000,99.1780250,19.3684639,03100,2,4,227818,25483.79,1089686.86
360.50,97.53,3,3,2,0,2,4,6,1,98,3,2,4,100,3,4,784,696,0,0,314,754,0,1129,0,0,0,0,0,0,0,0,0,-99.1662230,19.38404200,03100,2,4,253899,36223.00,3532829.19
50,104,3,3,3,0,2,4,4,1,95,4,80,4,100.00,3,4,150,350,0,950,850,560,560,350,350,30,370,750,750,150,350,350,950,99.1651380,19.3832000,03100,2,4,246861,31834,4297600
30.53,129.64,2,2,3,0,1,4,4,0,99,5,160,5,98,3,4,400,195,600,830,770,560,560,660,470,20,720,850,0,440,590,580,130,-99.1730541,19.3862541,03100,2,4,269825,26788.06,3160195.66
248,134.28,4,4,2,0,4,4,4,2,100,4,100,5,100.00,3,4,1000,2000,1000,2000,2000,2000,1000,1000,2000,1000,2000,1000,1000,1000,1000,2000,2000,99.1695150,19.3742220,03100,1,2,298152,45203.71,7129981.18
1400.77,102.81,2,2,2,0,2,6,4,1,98,4,5,6,100,3,4,550,1000,0,0,1000,300,0,550,0,0,0,0,0,0,0,0,0,-99.1636388,19.38805270,03100,2,4,298279,32800.00,3372168.00
65.14,145.94,2,2,2,2,2,5,6,2,98,3,80,5,100.00,4,4,396,870,900,361,394,300,300,600,75,100,500,800,667,155,168,686,304,99.1634350,19.3869360,03100,2,4,293120,35985.43,5252000
309.80,119.34,3,3,2,1,3,5,6,1,100,4,6,4,100,3,4,600,500,250,250,400,400,400,800,800,150,800,1200,600,800,700,1200,1500,-99.1642111,19.37617220,03100,2,4,311498,35600.00,4248504.00
37.11,118.3,2,2,2,0,2,5,6,1,95,4,200,4,100.00,3,4,2000,550,2000,2000,2000,2000,2000,500,2000,100,2000,2000,2000,2000,2000,2000,200,99.1693270,19.3957060,03100,2,4,328728,33998.88,4050517.5
4323.05,177.87,3,3,4,1,1,4,4,1,95,4,80,4,100.00,4,4,150,350,0,950,850,560,560,350,350,30,370,750,750,150,350,350,950,99.1772880,19.3696570,03100,2,4,16715,21700,4493000
131,158.28,2,2,3,1,3,5,4,2,100,5,120,5,100.00,3,4,2000,2000,2000,2000,2000,2000,2000,2000,2000,2000,2000,2000,2000,2000,2000,2000,2000,99.1649540,19.3874840,03100,2,3,62472,27613.12,6729593.48
31.37,96.32,1,1,1,1,2,5,4,1,80,3,60,5,90.00,3,4,500,500,500,500,500,500,500,800,500,500,500,1000,2000,500,500,1000,2000,99.1613980,19.3856040,03100,2,4,83889,30404.5,2928128
17.81,69.87,2,2,2,0,1,5,6,1,98,3,200,5,100.00,4,4,252,260,17,17,20,17,17,800,260,100,250,500,450,396,250,315,232,99.1624060,19.3797300,03100,2,4,103527,34531.21,2412695.64
51.28,84.97,2,2,1,1,1,5,6,1,100,3,60,4,90.00,3,4,500,1000,1000,1000,1000,1000,1000,500,500,200,500,1000,1000,500,500,1000,2000,99.1661550,19.3853450,03100,2,4,120656,33185.73,2821004
677.16,112.31,3,3,2,0,3,5,6,1,100,5,7,4,100,3,4,500,600,0,0,1000,950,0,900,0,0,0,0,0,0,0,0,0,-99.1688083,19.38702500,03100,2,4,148600,36500.00,4099315.00
622.84,71.34,2,2,2,0,2,5,4,0,100,3,7,4,100,4,4,500,120,800,500,650,260,600,1200,300,100,200,200,200,300,500,600,800,-99.1597222,19.37944440,03100,2,4,193575,44700.00,3188898.00
31.19,99.22,3,3,2,0,2,4,4,1,100,3,60,5,90.00,3,4,1000,1000,2000,2000,1000,1000,1000,1000,50,50,500,1000,2000,500,1000,1000,2000,99.1627500,19.3930030,03100,2,4,255570,32393.68,3214728
360.50,97.53,3,3,2,0,2,4,6,1,98,3,2,4,100,3,4,784,696,0,0,314,754,0,1129,0,0,0,0,0,0,0,0,0,-99.1662230,19.38404200,03100,2,4,300921,36223.00,3532829.19
47.22,178.87,3,3,2,2,2,5,5,1,100,5,100,5,100.00,4,4,452,323,1050,315,0,180,275,1300,248,150,117,233,0,277,120,120,559,99.1714667,19.3629194,03100,2,4,339019,23859.5,4267748.77
276.1,122,3,3,2,0,1,6,3,0,98,3,200,5,100.00,3,4,630,350,400,0,0,400,100,1400,1400,250,1400,0,0,300,300,300,0,-99.1613560,19.3825280,03100,3,4,24651,20013.21,2441611.62
49,136,2,2,3,0,1,5,4,0,100,1,35,0,100.0000,3,4,400,200,800,0,100,300,200,100,500,10,100,300,600,500,800,700,600,-99.1776944,19.3729194,03100,2,4,85061,21150,2880000
47.38,124.67,3,3,3,0,1,5,4,2,100,4,200,5,100.00,3,4,2000,500,2000,2000,2000,500,500,2000,800,200,2000,2000,2000,2000,2000,2000,2000,99.1757611,19.3788083,03100,2,4,116572,22697,2829634.99
191.60,130.41,2,2,2,2,2,5,6,0,99,3,2,4,100,3,4,500,400,1200,1200,400,200,500,950,400,0,800,0,0,600,900,1800,0,-99.1635555,19.38680550,03100,2,4,215618,32700.00,4264407.00
48,101.65,2,2,3,0,2,4,4,2,100,3,200,6,100.00,3,4,594,632,772,772,690,506,506,452,690,125,250,84,83,173,12,452,950,99.1683500,19.3831360,03100,2,4,221118,28559.17,2903000
601.79,293.28,3,3,4,1,4,6,4,0,100,1,35,0,100.0000,3,4,365,100,250,250,200,150,150,250,70,10,200,1000,1200,100,100,1000,1200,-99.1743200,19.3801530,03100,2,3,255084,25960,7614000
17.45,84.9,2,2,1,0,0,4,6,1,98,3,60,5,100.00,4,4,2000,2000,2000,2000,2000,2000,2000,2000,2000,2000,2000,2000,2000,2000,2000,2000,2000,99.1661260,19.3781350,03100,2,4,289062,30206.91,2564567
53.33,110,2,2,2,0,2,4,4,2,100,4,120,5,100.00,3,4,700,315,80,80,750,80,80,300,250,100,550,550,550,500,660,186,400,99.1636528,19.3789528,03100,2,4,343626,28787.88,3166666.8
37,71.07,2,2,1,0,1,4,4,2,98,4,100,4,100.00,3,4,294,83,421,222,524,305,547,80,228,39,122,100,0,128,238,678,193,99.1671920,19.3951980,03100,2,4,298894,23366.75,1660674.92
34.75,112.52,2,2,2,0,2,5,6,1,95,4,80,4,100.00,3,4,2000,550,2000,2000,2000,2000,2000,500,2000,100,2000,2000,2000,2000,2000,2000,200,99.1695430,19.3957500,03100,2,4,314208,33998.88,3852223.98
33.52,123.4,3,3,3,0,2,4,4,1,80,4,80,4,90.00,3,4,500,200,500,500,200,200,200,650,300,300,500,700,900,300,100,100,900,99.1708770,19.3636240,03100,2,4,93823,29587.63,3652640
334.13,127.83,3,3,2,2,2,4,6,1,100,1,35,0,100.0000,3,4,425,500,150,1000,700,100,100,500,790,300,1000,1000,1800,250,250,1500,2000,-99.1604040,19.3884930,03100,2,4,157964,33670,4300000
54.73,209.39,3,3,4,1,2,4,6,1,100,4,100,5,100.00,3,4,700,400,500,1800,500,500,500,200,400,350,650,1100,1000,200,200,200,1200,99.1655861,19.3815861,03100,2,4,160236,35200,7370528
17.61,74.68,1,1,1,0,1,5,4,1,100,3,200,5,100.00,3,4,312,220,500,520,215,500,610,540,200,150,450,655,410,250,710,552,750,99.1791050,19.3689580,03100,2,4,198257,26031.84,1934165.71
0.97,12.5,0,0,0,0,1,4,4,1,99,4,100,5,100.00,3,4,660,300,350,350,350,350,350,300,300,150,300,300,1000,15,15,150,700,99.1656520,19.3810610,03100,2,5,214378,12414.3,155178.75
95,202.54,3,3,3,1,2,5,4,2,100,4,120,4,100.00,3,4,2000,2000,2000,2000,2000,2000,2000,2000,2000,2000,2000,2000,2000,2000,2000,2000,2000,99.1728550,19.3687550,03100,2,3,279746,25081.82,5080071.82
17.53,63.19,1,1,1,0,1,4,4,1,98,2,80,4,100.00,3,4,500,500,2000,2000,500,500,2000,500,500,100,1500,1500,1500,1000,1000,1000,1000,99.1694380,19.3832920,03100,2,4,339980,40841.14,2431160.05
13740,205.7,3,3,3,1,2,4,4,2,98,4,60,4,90.00,3,4,200,500,0,500,0,500,500,500,500,200,500,500,500,500,500,1000,1000,99.1741290,19.3683980,03100,2,3,16895,24105.04,5548980.21
24.24,89.15,2,2,1,0,1,4,4,1,100,4,80,5,90.00,3,4,400,170,350,2000,150,300,150,1000,1500,150,600,600,2000,500,500,300,300,99.1678510,19.3962440,03100,2,4,58599,23134.87,2059365
34.00,114.60,3,3,2,0,2,4,4,2,100,2,6,5,100,3,4,800,180,1100,0,1300,460,460,400,400,50,580,1000,700,300,340,340,1000,-99.1689600,19.36630200,03100,2,4,72177,28210.00,3232866.00
90,114.96,3,3,2,1,1,5,4,1,100,4,120,6,100.00,4,4,300,300,300,1000,300,300,300,1500,500,200,700,700,1500,500,500,1000,1000,99.1693444,19.3774667,03100,2,4,175203,22299.82,2563587.31
42.95,118.46,3,3,2,0,0,4,6,1,98,4,80,4,100.00,3,4,500,200,1000,1000,500,1000,1000,1000,500,50,1000,1000,1000,500,500,1500,1500,99.1700470,19.3882740,03100,2,4,172963,33633.11,3684178.21
23.88,102.26,2,2,2,0,2,4,4,1,80,4,80,5,90.00,3,4,500,600,600,1500,550,550,120,800,850,50,500,1200,1200,600,600,700,1300,99.1617470,19.3986460,03100,2,4,204757,32789,3354128
38.52,128.6,3,3,1,1,1,5,5,1,99,4,100,5,100.00,3,4,500,200,500,500,150,150,150,300,300,200,250,500,500,500,500,1000,500,99.1682430,19.3693230,03100,2,4,228908,22376.59,3045453.9
32.43,119.57,3,3,2,0,2,4,6,1,98,3,60,5,100.00,4,4,2000,2000,2000,2000,2000,2000,2000,2000,2000,2000,2000,2000,2000,2000,2000,2000,2000,99.1639390,19.3881000,03100,2,4,304667,30794.37,3682083
51.64,113.38,3,3,2,1,2,4,5,1,98,3,120,5,100.00,4,4,211,150,1770,216,164,181,181,352,196,22,314,141,0,113,508,508,330,99.1641389,19.3926944,03100,2,4,326668,32025.35,3631034.18
20.47,96.29,2,2,2,1,2,5,5,1,97,5,6,5,95,4,4,530,600,1800,1800,230,500,500,500,645,210,510,510,1900,900,900,930,930,99.1730555,19.3683333,03100,2,4,335978,35976.75,3464201.26
114.33,206.96,3,3,4,0,2,5,4,2,100,4,100,5,100.00,3,4,2000,2000,2000,2000,2000,2000,2000,2000,2000,2000,2000,2000,2000,2000,2000,2000,2000,99.1668890,19.3887540,03100,2,3,340524,26061.99,5393789.45
48.97,115.08,2,2,2,0,2,5,4,1,100,4,120,5,100.00,3,4,430,200,500,500,440,400,400,177,177,30,953,500,0,400,722,733,530,99.1679470,19.3902690,03100,2,4,295603,30847,3549873
34,91.95,2,2,2,0,0,4,4,2,100,3,200,5,100.00,4,4,395,300,510,510,300,650,650,540,300,150,500,670,390,350,740,536,700,99.1767950,19.3689460,03100,2,4,296206,27206.19,2501609.17
21,60.84,2,2,1,0,0,4,4,2,100,3,120,4,100.00,3,4,300,200,100,200,200,10,10,500,500,40,800,1500,1200,300,300,800,2000,99.1762270,19.3767070,03100,2,4,342448,27967.54,1701545.13
28,62.71,3,3,1,0,1,4,6,2,95,4,100,4,100.00,3,4,2000,2000,2000,0,2000,2000,2000,2000,2000,800,2000,2000,2000,2000,2000,2000,2000,99.1653694,19.3938250,03100,2,4,314965,19039.19,1427939.25
310.70,272.11,3,3,4,1,2,4,4,0,98,4,6,5,100,3,4,850,900,0,0,900,1200,0,1200,0,0,0,0,0,0,0,0,0,-99.1664836,19.37480550,03100,1,2,26350,25600.00,6966016.00
18.07,67.62,2,2,2,0,1,5,4,1,100,4,100,5,100.00,3,4,2000,2000,2000,2000,2000,2000,2000,2000,2000,2000,2000,2000,2000,2000,2000,2000,2000,99.1623722,19.3797194,03100,2,4,62448,30299.71,2153400.39
59.62,170.12,3,3,2,1,2,5,6,2,80,3,100,5,90.00,3,4,500,500,500,500,500,500,500,800,500,500,500,1000,2000,500,500,1000,2000,99.1642210,19.3837360,03100,2,3,104370,27128.52,4610252
16.29,44.85,1,1,1,0,1,4,4,2,98,4,80,5,100.00,4,4,2000,2000,2000,2000,2000,2000,2000,2000,2000,0,2000,2000,2000,2000,2000,2000,2000,99.1660990,19.3709160,03100,2,4,118359,26321.58,1180522.86
20.21,74.42,2,2,2,0,2,4,6,1,95,4,100,4,100.00,3,4,500,350,150,150,200,100,100,500,250,10,850,600,850,250,250,300,650,99.1623630,19.3796840,03100,2,4,122513,34000,2530280
19.4,70.84,2,2,2,0,2,4,6,1,60,4,80,4,90.00,3,4,525,275,115,115,15,15,15,800,275,300,500,800,0,240,240,295,0,99.1623550,19.3796900,03100,2,4,129466,34815.03,2465232
18.07,71.07,2,2,2,0,1,5,6,1,100,4,100,5,100.00,4,4,2000,2000,2000,2000,2000,2000,2000,2000,2000,100,2000,2000,2000,2000,2000,2000,2000,99.1623917,19.3797694,03100,2,4,134360,40540.51,2881214.05
28.49,76.14,2,2,2,0,2,5,6,1,100,4,100,5,100.00,4,4,2000,2000,2000,2000,2000,2000,2000,2000,2000,100,2000,2000,2000,2000,2000,2000,2000,99.1623306,19.3797250,03100,2,4,175861,49923.02,3801138.74
22.07,87.6,2,2,2,0,2,4,4,1,97,4,100,5,100.00,3,4,250,500,700,700,500,500,500,500,500,100,500,500,500,300,500,500,100,99.1640950,19.3925470,03100,2,4,194435,33928.16,2972106.82
31.94,95,2,2,2,0,2,4,6,2,100,3,60,5,90.00,3,4,1000,1000,2000,2000,1000,1000,1000,1000,50,50,500,1000,2000,500,1000,1000,2000,99.1643400,19.3863760,03100,2,4,237477,31490.97,2992500
33.34,75.5,3,3,1,0,1,4,4,2,100,3,80,5,100.00,4,4,420,170,0,1500,0,175,890,1560,990,80,272,572,0,180,360,200,660,99.1716050,19.3632260,03100,2,4,237595,17500,1321250
17.45,86.9,2,2,1,0,0,4,4,2,100,4,120,4,100.00,3,4,2000,2000,2000,2000,2000,2000,2000,2000,2000,2000,2000,0,2000,2000,2000,2000,2000,99.1660670,19.3781170,03100,2,4,232983,25295.42,2198172
1400.77,102.81,2,2,2,0,2,6,4,1,98,4,5,6,100,3,4,550,1000,0,0,1000,300,0,550,0,0,0,0,0,0,0,0,0,-99.1636388,19.38805270,03100,2,4,278664,30400.00,3125424.00
18.75,91.5,2,2,1,1,0,4,4,1,98,4,200,4,100.00,3,4,1000,500,500,500,500,500,500,1500,500,300,1500,1500,1000,1000,1000,500,1000,99.1611731,19.3797551,03100,2,4,300376,26099.15,2308491.33
40.32,122.02,3,3,2,0,2,4,6,1,98,4,60,5,100.00,3,4,500,500,500,500,2000,1000,2000,1000,1000,100,2000,2000,2000,500,500,500,500,99.1638790,19.3883000,03100,2,4,306231,38407.48,4686480.71
54.28,211.8,4,4,4,1,2,5,4,1,100,5,100,5,100.00,4,4,150,700,200,200,400,400,400,500,150,100,900,500,1900,500,500,500,1000,99.1677500,19.3868667,03100,2,4,318886,25022.99,5299869.28
